Month|Avg. Players|Gain|%_Gain|Peak Players|Source File
February 2024|185661.61|39497.42|+27.02%|469431|ApexLegends
January 2024|146164.19|1716.43|+1.19%|344621|ApexLegends
December 2023|144447.76|-22847.90|-13.66%|348791|ApexLegends
November 2023|167295.65|-14124.75|-7.79%|438349|ApexLegends
October 2023|181420.4|-5074.01|-2.72%|435229|ApexLegends
September 2023|186494.41|-2397.41|-1.27%|452991|ApexLegends
August 2023|188891.82|22692.73|+13.65%|451223|ApexLegends
July 2023|166199.09|-22901.93|-12.11%|349762|ApexLegends
June 2023|189101.02|-38846.42|-17.04%|446463|ApexLegends
May 2023|227947.44|5197.97|+2.33%|584294|ApexLegends
April 2023|222749.48|-33042.72|-12.92%|562634|ApexLegends
March 2023|255792.2|-1624.47|-0.63%|603290|ApexLegends
February 2023|257416.67|59447.65|+30.03%|624473|ApexLegends
January 2023|197969.02|27086.29|+15.85%|413670|ApexLegends
December 2022|170882.73|-1462.76|-0.85%|411891|ApexLegends
November 2022|172345.48|168.81|+0.10%|403157|ApexLegends
October 2022|172176.67|-49649.95|-22.38%|386994|ApexLegends
September 2022|221826.62|-8606.24|-3.73%|497242|ApexLegends
August 2022|230432.87|47271.56|+25.81%|510286|ApexLegends
July 2022|183161.31|5424.87|+3.05%|347314|ApexLegends
June 2022|177736.44|-17815.20|-9.11%|352659|ApexLegends
May 2022|195551.63|2953.12|+1.53%|411183|ApexLegends
April 2022|192598.51|9001.83|+4.90%|370651|ApexLegends
March 2022|183596.68|-20057.08|-9.85%|353623|ApexLegends
February 2022|203653.75|58070.81|+39.89%|392998|ApexLegends
January 2022|145582.94|23474.67|+19.22%|264287|ApexLegends
December 2021|122108.27|-14137.62|-10.38%|242823|ApexLegends
November 2021|136245.89|7716.46|+6.00%|318330|ApexLegends
October 2021|128529.43|-11118.53|-7.96%|248669|ApexLegends
September 2021|139647.96|-29880.22|-17.63%|273617|ApexLegends
August 2021|169528.17|38377.10|+29.26%|330476|ApexLegends
July 2021|131151.07|-5288.83|-3.88%|262129|ApexLegends
June 2021|136439.9|-27798.11|-16.93%|266591|ApexLegends
May 2021|164238.01|39332.88|+31.49%|330879|ApexLegends
April 2021|124905.13|-1215.93|-0.96%|217728|ApexLegends
March 2021|126121.06|5138.42|+4.25%|228439|ApexLegends
February 2021|120982.64|49215.90|+68.58%|196799|ApexLegends
January 2021|71766.74|7296.99|+11.32%|129928|ApexLegends
December 2020|64469.75|-10487.50|-13.99%|112076|ApexLegends
November 2020|74957.26|-|-|117193|ApexLegends
February 2024|32567.04|-6444.75|-16.52%|46511|Destiny2
January 2024|39011.79|-10439.39|-21.11%|58769|Destiny2
December 2023|49451.17|15964.82|+47.68%|103607|Destiny2
November 2023|33486.36|-8654.03|-20.54%|94423|Destiny2
October 2023|42140.39|-16822.77|-28.53%|68148|Destiny2
September 2023|58963.16|10139.81|+20.77%|145390|Destiny2
August 2023|48823.35|1421.32|+3.00%|126261|Destiny2
July 2023|47402.03|-15208.22|-24.29%|87620|Destiny2
June 2023|62610.26|-16022.92|-20.38%|120394|Destiny2
May 2023|78633.18|-9022.73|-10.29%|192081|Destiny2
April 2023|87655.91|-47446.38|-35.12%|142128|Destiny2
March 2023|135102.28|62964.85|+87.28%|312925|Destiny2
February 2023|72137.44|8457.64|+13.28%|316651|Destiny2
January 2023|63679.8|1541.67|+2.48%|96428|Destiny2
December 2022|62138.13|23979.21|+62.84%|121413|Destiny2
November 2022|38158.92|-21532.19|-36.07%|60854|Destiny2
October 2022|59691.11|-28933.84|-32.65%|102690|Destiny2
September 2022|88624.95|20076.12|+29.29%|149576|Destiny2
August 2022|68548.83|13581.71|+24.71%|193209|Destiny2
July 2022|54967.12|-15274.20|-21.75%|103075|Destiny2
June 2022|70241.32|3279.97|+4.90%|126948|Destiny2
May 2022|66961.36|8527.68|+14.59%|178829|Destiny2
April 2022|58433.68|-30172.24|-34.05%|88326|Destiny2
March 2022|88605.92|13436.28|+17.87%|229002|Destiny2
February 2022|75169.64|21519.55|+40.11%|289895|Destiny2
January 2022|53650.09|-8118.36|-13.14%|78752|Destiny2
December 2021|61768.45|17527.50|+39.62%|154358|Destiny2
November 2021|44240.95|-22373.62|-33.59%|76188|Destiny2
October 2021|66614.57|-23230.62|-25.86%|127770|Destiny2
September 2021|89845.19|32606.68|+56.97%|147513|Destiny2
August 2021|57238.51|4959.26|+9.49%|177734|Destiny2
July 2021|52279.26|-4610.48|-8.10%|116526|Destiny2
June 2021|56889.73|-13248.02|-18.89%|108306|Destiny2
May 2021|70137.75|24508.58|+53.71%|187504|Destiny2
April 2021|45629.18|-7721.43|-14.47%|95209|Destiny2
March 2021|53350.61|-6043.44|-10.18%|87476|Destiny2
February 2021|59394.05|14529.12|+32.38%|131640|Destiny2
January 2021|44864.92|-22135.76|-33.04%|79290|Destiny2
December 2020|67000.69|-32899.28|-32.93%|139723|Destiny2
November 2020|99899.97|49090.57|+96.62%|241843|Destiny2
October 2020|50809.4|-2503.01|-4.69%|93741|Destiny2
September 2020|53312.41|-10951.33|-17.04%|97247|Destiny2
August 2020|64263.74|-4176.01|-6.10%|122520|Destiny2
July 2020|68439.75|-9110.48|-11.75%|122236|Destiny2
June 2020|77550.23|25712.82|+49.60%|213681|Destiny2
May 2020|51837.42|-14382.23|-21.72%|76476|Destiny2
April 2020|66219.64|-11351.75|-14.63%|100645|Destiny2
March 2020|77571.4|14522.77|+23.03%|117425|Destiny2
February 2020|63048.62|-2906.48|-4.41%|93065|Destiny2
January 2020|65955.1|-26215.88|-28.44%|108724|Destiny2
December 2019|92170.98|-15784.79|-14.62%|138593|Destiny2
November 2019|107955.77|-57352.05|-34.69%|195407|Destiny2
October 2019|165307.82|-|-|292314|Destiny2
February 2024|14588.76|-745.70|-4.86%|24354|Fallout4
January 2024|15334.46|991.04|+6.91%|24668|Fallout4
December 2023|14343.42|1007.53|+7.56%|22408|Fallout4
November 2023|13335.89|1388.84|+11.62%|20753|Fallout4
October 2023|11947.05|-1721.86|-12.60%|21318|Fallout4
September 2023|13668.91|-3830.58|-21.89%|22953|Fallout4
August 2023|17499.49|-388.81|-2.17%|27730|Fallout4
July 2023|17888.3|2823.80|+18.74%|27022|Fallout4
June 2023|15064.5|2033.22|+15.60%|26021|Fallout4
May 2023|13031.28|-1171.24|-8.25%|20281|Fallout4
April 2023|14202.52|-16.09|-0.11%|22530|Fallout4
March 2023|14218.62|-1038.49|-6.81%|23467|Fallout4
February 2023|15257.11|-2277.46|-12.99%|25698|Fallout4
January 2023|17534.57|1609.58|+10.11%|27076|Fallout4
December 2022|15924.99|-1121.02|-6.58%|24301|Fallout4
November 2022|17046.01|-1451.12|-7.85%|28190|Fallout4
October 2022|18497.13|3743.04|+25.37%|31142|Fallout4
September 2022|14754.09|-1952.13|-11.69%|24300|Fallout4
August 2022|16706.22|492.37|+3.04%|27516|Fallout4
July 2022|16213.85|2216.00|+15.83%|23753|Fallout4
June 2022|13997.85|601.45|+4.49%|22069|Fallout4
May 2022|13396.39|-330.71|-2.41%|20626|Fallout4
April 2022|13727.11|224.00|+1.66%|21733|Fallout4
March 2022|13503.1|-1661.09|-10.95%|21708|Fallout4
February 2022|15164.19|-1789.88|-10.56%|23963|Fallout4
January 2022|16954.06|1527.61|+9.90%|24939|Fallout4
December 2021|15426.45|-1595.24|-9.37%|23085|Fallout4
November 2021|17021.69|-809.44|-4.54%|27235|Fallout4
October 2021|17831.13|1216.83|+7.32%|32662|Fallout4
September 2021|16614.3|-2696.39|-13.96%|26916|Fallout4
August 2021|19310.69|5277.55|+37.61%|34180|Fallout4
July 2021|14033.14|1602.62|+12.89%|20199|Fallout4
June 2021|12430.52|-704.16|-5.36%|19487|Fallout4
May 2021|13134.68|524.82|+4.16%|21237|Fallout4
April 2021|12609.86|-32.81|-0.26%|19732|Fallout4
March 2021|12642.67|-1130.48|-8.21%|20908|Fallout4
February 2021|13773.15|-1310.79|-8.69%|21274|Fallout4
January 2021|15083.94|624.58|+4.32%|23877|Fallout4
December 2020|14459.36|-2155.76|-12.97%|23305|Fallout4
November 2020|16615.12|1557.54|+10.34%|26621|Fallout4
October 2020|15057.58|2185.37|+16.98%|29702|Fallout4
September 2020|12872.22|-2344.57|-15.41%|19804|Fallout4
August 2020|15216.79|68.44|+0.45%|24206|Fallout4
July 2020|15148.35|2224.21|+17.21%|23204|Fallout4
June 2020|12924.14|-2211.93|-14.61%|20948|Fallout4
May 2020|15136.06|-850.47|-5.32%|23912|Fallout4
April 2020|15986.54|1641.31|+11.44%|24455|Fallout4
March 2020|14345.23|554.60|+4.02%|24354|Fallout4
February 2020|13790.63|-585.88|-4.08%|21988|Fallout4
January 2020|14376.51|397.28|+2.84%|23023|Fallout4
December 2019|13979.23|975.08|+7.50%|23706|Fallout4
November 2019|13004.15|868.08|+7.15%|22661|Fallout4
October 2019|12136.07|167.63|+1.40%|23275|Fallout4
September 2019|11968.44|-2829.04|-19.12%|20097|Fallout4
August 2019|14797.48|779.22|+5.56%|24918|Fallout4
July 2019|14018.26|1076.63|+8.32%|25568|Fallout4
June 2019|12941.63|1708.32|+15.21%|20831|Fallout4
May 2019|11233.31|922.75|+8.95%|19712|Fallout4
April 2019|10310.56|-1289.10|-11.11%|17822|Fallout4
March 2019|11599.67|-401.55|-3.35%|19879|Fallout4
February 2019|12001.22|-2081.48|-14.78%|20610|Fallout4
January 2019|14082.69|-2888.44|-17.02%|25206|Fallout4
December 2018|16971.13|-1962.75|-10.37%|31485|Fallout4
November 2018|18933.89|380.77|+2.05%|33389|Fallout4
October 2018|18553.12|1974.11|+11.91%|36389|Fallout4
September 2018|16579.01|-2212.24|-11.77%|28436|Fallout4
August 2018|18791.24|-4679.10|-19.94%|32239|Fallout4
July 2018|23470.34|-2051.52|-8.04%|43476|Fallout4
June 2018|25521.86|10460.64|+69.45%|47573|Fallout4
May 2018|15061.22|85.03|+0.57%|25653|Fallout4
April 2018|14976.19|-2171.35|-12.66%|26203|Fallout4
March 2018|17147.54|-4444.92|-20.59%|30503|Fallout4
February 2018|21592.46|743.62|+3.57%|45111|Fallout4
January 2018|20848.84|846.59|+4.23%|37190|Fallout4
December 2017|20002.25|1634.64|+8.90%|34512|Fallout4
November 2017|18367.61|-351.39|-1.88%|33736|Fallout4
October 2017|18719.0|474.71|+2.60%|35886|Fallout4
September 2017|18244.29|-504.18|-2.69%|31836|Fallout4
August 2017|18748.47|-2943.63|-13.57%|32696|Fallout4
July 2017|21692.1|-90.74|-0.42%|36800|Fallout4
June 2017|21782.84|2846.72|+15.03%|38111|Fallout4
May 2017|18936.13|2089.22|+12.40%|49675|Fallout4
April 2017|16846.91|-51.99|-0.31%|29010|Fallout4
March 2017|16898.9|-2674.97|-13.67%|31843|Fallout4
February 2017|19573.86|-3236.02|-14.19%|34587|Fallout4
January 2017|22809.88|1751.13|+8.32%|41471|Fallout4
December 2016|21058.75|1360.35|+6.91%|37794|Fallout4
November 2016|19698.4|-1087.60|-5.23%|40096|Fallout4
October 2016|20786.01|-3608.11|-14.79%|39948|Fallout4
September 2016|24394.12|735.91|+3.11%|48954|Fallout4
August 2016|23658.21|-699.12|-2.87%|45998|Fallout4
July 2016|24357.33|-874.69|-3.47%|41541|Fallout4
June 2016|25232.02|-4294.38|-14.54%|45855|Fallout4
May 2016|29526.4|2964.83|+11.16%|74283|Fallout4
April 2016|26561.57|-1964.90|-6.89%|52480|Fallout4
March 2016|28526.47|-4206.69|-12.85%|57102|Fallout4
February 2016|32733.17|-22093.30|-40.30%|61739|Fallout4
January 2016|54826.47|-39309.90|-41.76%|119272|Fallout4
December 2015|94136.37|-132161.46|-58.40%|201635|Fallout4
November 2015|226297.83|-|-|471955|Fallout4
February 2024|14263.35|-3738.67|-20.77%|27084|HuntShowdown
January 2024|18002.02|-1554.38|-7.95%|33129|HuntShowdown
December 2023|19556.4|2824.30|+16.88%|39732|HuntShowdown
November 2023|16732.1|-3425.08|-16.99%|29457|HuntShowdown
October 2023|20157.17|8779.58|+77.17%|41197|HuntShowdown
September 2023|11377.59|-4006.74|-26.04%|20692|HuntShowdown
August 2023|15384.33|-8141.98|-34.61%|32477|HuntShowdown
July 2023|23526.31|7447.23|+46.32%|43386|HuntShowdown
June 2023|16079.08|-1567.01|-8.88%|44527|HuntShowdown
May 2023|17646.09|-1256.65|-6.65%|34302|HuntShowdown
April 2023|18902.74|2745.80|+16.99%|35937|HuntShowdown
March 2023|16156.94|1865.50|+13.05%|32653|HuntShowdown
February 2023|14291.44|-3641.97|-20.31%|27211|HuntShowdown
January 2023|17933.41|986.68|+5.82%|31274|HuntShowdown
December 2022|16946.73|3620.85|+27.17%|36866|HuntShowdown
November 2022|13325.87|-1514.49|-10.21%|28590|HuntShowdown
October 2022|14840.36|303.56|+2.09%|31888|HuntShowdown
September 2022|14536.8|-2765.65|-15.98%|27247|HuntShowdown
August 2022|17302.44|4398.53|+34.09%|33508|HuntShowdown
July 2022|12903.91|1968.17|+18.00%|38272|HuntShowdown
June 2022|10935.75|-1750.56|-13.80%|21253|HuntShowdown
May 2022|12686.3|-2741.04|-17.77%|23074|HuntShowdown
April 2022|15427.34|2562.97|+19.92%|32029|HuntShowdown
March 2022|12864.37|108.20|+0.85%|33187|HuntShowdown
February 2022|12756.16|-1387.01|-9.81%|24161|HuntShowdown
January 2022|14143.18|-1232.36|-8.02%|32253|HuntShowdown
December 2021|15375.53|2248.47|+17.13%|31351|HuntShowdown
November 2021|13127.07|1762.62|+15.51%|28185|HuntShowdown
October 2021|11364.45|-2594.64|-18.59%|29766|HuntShowdown
September 2021|13959.09|2044.52|+17.16%|30658|HuntShowdown
August 2021|11914.58|1930.45|+19.34%|34248|HuntShowdown
July 2021|9984.13|1163.96|+13.20%|21287|HuntShowdown
June 2021|8820.17|-593.47|-6.30%|17715|HuntShowdown
May 2021|9413.64|-5390.76|-36.41%|18632|HuntShowdown
April 2021|14804.4|4589.82|+44.93%|32579|HuntShowdown
March 2021|10214.58|2230.03|+27.93%|32288|HuntShowdown
February 2021|7984.55|500.25|+6.68%|15859|HuntShowdown
January 2021|7484.3|280.24|+3.89%|15265|HuntShowdown
December 2020|7204.06|961.76|+15.41%|15539|HuntShowdown
November 2020|6242.3|1028.58|+19.73%|16523|HuntShowdown
October 2020|5213.72|60.28|+1.17%|15063|HuntShowdown
September 2020|5153.44|-458.75|-8.17%|10451|HuntShowdown
August 2020|5612.19|-776.38|-12.15%|10733|HuntShowdown
July 2020|6388.57|799.27|+14.30%|13842|HuntShowdown
June 2020|5589.31|-21.07|-0.38%|12660|HuntShowdown
May 2020|5610.37|-282.23|-4.79%|10746|HuntShowdown
April 2020|5892.6|-127.15|-2.11%|12472|HuntShowdown
March 2020|6019.75|532.01|+9.69%|12856|HuntShowdown
February 2020|5487.75|946.82|+20.85%|12428|HuntShowdown
January 2020|4540.92|4.08|+0.09%|9065|HuntShowdown
December 2019|4536.84|1626.06|+55.86%|12968|HuntShowdown
November 2019|2910.78|-658.73|-18.45%|5806|HuntShowdown
October 2019|3569.52|-1989.73|-35.79%|7713|HuntShowdown
September 2019|5559.25|1430.37|+34.64%|13467|HuntShowdown
August 2019|4128.88|1751.20|+73.65%|11862|HuntShowdown
July 2019|2377.68|-622.62|-20.75%|4354|HuntShowdown
June 2019|3000.3|1224.68|+68.97%|12636|HuntShowdown
May 2019|1775.62|517.88|+41.18%|3888|HuntShowdown
April 2019|1257.74|-132.33|-9.52%|2663|HuntShowdown
March 2019|1390.07|131.94|+10.49%|2817|HuntShowdown
February 2019|1258.13|-301.78|-19.35%|2657|HuntShowdown
January 2019|1559.91|-338.29|-17.82%|3065|HuntShowdown
December 2018|1898.2|286.32|+17.76%|3960|HuntShowdown
November 2018|1611.88|-73.13|-4.34%|3831|HuntShowdown
October 2018|1685.02|-229.46|-11.99%|3596|HuntShowdown
September 2018|1914.48|-1290.21|-40.26%|4236|HuntShowdown
August 2018|3204.69|1183.13|+58.53%|14003|HuntShowdown
July 2018|2021.56|468.77|+30.19%|3773|HuntShowdown
June 2018|1552.79|525.58|+51.17%|3379|HuntShowdown
May 2018|1027.21|15.44|+1.53%|2829|HuntShowdown
April 2018|1011.76|-1468.22|-59.20%|2262|HuntShowdown
March 2018|2479.98|1086.40|+77.96%|8206|HuntShowdown
February 2018|1393.58|1393.17|+336044.25%|10296|HuntShowdown
January 2018|0.41|-0.14|-24.95%|3|HuntShowdown
December 2017|0.55|0.25|+79.92%|25|HuntShowdown
November 2017|0.31|0.28|+943.92%|2|HuntShowdown
October 2017|0.03|-|-|1|HuntShowdown
February 2024|22900.57|-6445.34|-21.96%|35794|Left4Dead2
January 2024|29345.91|3522.63|+13.64%|58686|Left4Dead2
December 2023|25823.28|3313.91|+14.72%|56599|Left4Dead2
November 2023|22509.37|439.17|+1.99%|71345|Left4Dead2
October 2023|22070.2|-4379.38|-16.56%|45432|Left4Dead2
September 2023|26449.58|2075.39|+8.51%|78384|Left4Dead2
August 2023|24374.18|-10424.41|-29.96%|37223|Left4Dead2
July 2023|34798.59|13951.24|+66.92%|65990|Left4Dead2
June 2023|20847.36|690.59|+3.43%|52262|Left4Dead2
May 2023|20156.77|-2224.23|-9.94%|37915|Left4Dead2
April 2023|22381.0|-4593.44|-17.03%|52255|Left4Dead2
March 2023|26974.44|3275.59|+13.82%|85147|Left4Dead2
February 2023|23698.84|-7903.91|-25.01%|41119|Left4Dead2
January 2023|31602.76|4597.15|+17.02%|58545|Left4Dead2
December 2022|27005.61|6574.55|+32.18%|64886|Left4Dead2
November 2022|20431.06|4948.78|+31.96%|84991|Left4Dead2
October 2022|15482.28|-413.04|-2.60%|26901|Left4Dead2
September 2022|15895.32|-3044.74|-16.08%|27982|Left4Dead2
August 2022|18940.06|-4257.59|-18.35%|28640|Left4Dead2
July 2022|23197.65|7108.46|+44.18%|48800|Left4Dead2
June 2022|16089.19|1332.16|+9.03%|31533|Left4Dead2
May 2022|14757.03|-873.14|-5.59%|24981|Left4Dead2
April 2022|15630.17|-39.08|-0.25%|26434|Left4Dead2
March 2022|15669.25|-3582.35|-18.61%|27129|Left4Dead2
February 2022|19251.6|-2241.80|-10.43%|34758|Left4Dead2
January 2022|21493.4|4559.42|+26.92%|34605|Left4Dead2
December 2021|16933.98|255.27|+1.53%|30845|Left4Dead2
November 2021|16678.71|1002.45|+6.39%|34769|Left4Dead2
October 2021|15676.26|-1444.80|-8.44%|38013|Left4Dead2
September 2021|17121.06|-2816.45|-14.13%|34682|Left4Dead2
August 2021|19937.51|-91.55|-0.46%|49003|Left4Dead2
July 2021|20029.06|3369.60|+20.23%|37870|Left4Dead2
June 2021|16659.47|-2037.38|-10.90%|33686|Left4Dead2
May 2021|18696.85|3278.56|+21.26%|40653|Left4Dead2
April 2021|15418.29|-141.89|-0.91%|29097|Left4Dead2
March 2021|15560.18|-1099.69|-6.60%|36938|Left4Dead2
February 2021|16659.87|-2925.30|-14.94%|23915|Left4Dead2
January 2021|19585.17|1255.14|+6.85%|34475|Left4Dead2
December 2020|18330.04|-50.64|-0.28%|33893|Left4Dead2
November 2020|18380.67|-3074.38|-14.33%|39300|Left4Dead2
October 2020|21455.05|441.19|+2.10%|47697|Left4Dead2
September 2020|21013.86|8384.79|+66.39%|100965|Left4Dead2
August 2020|12629.07|-2038.69|-13.90%|18679|Left4Dead2
July 2020|14667.76|3372.34|+29.86%|25107|Left4Dead2
June 2020|11295.42|-656.96|-5.50%|23371|Left4Dead2
May 2020|11952.38|-2600.69|-17.87%|18881|Left4Dead2
April 2020|14553.07|1357.53|+10.29%|42699|Left4Dead2
March 2020|13195.54|400.40|+3.13%|21184|Left4Dead2
February 2020|12795.14|660.88|+5.45%|25124|Left4Dead2
January 2020|12134.26|920.07|+8.20%|22868|Left4Dead2
December 2019|11214.19|1676.74|+17.58%|23710|Left4Dead2
November 2019|9537.45|1284.70|+15.57%|22226|Left4Dead2
October 2019|8252.75|688.33|+9.10%|22339|Left4Dead2
September 2019|7564.43|-1478.80|-16.35%|14519|Left4Dead2
August 2019|9043.23|-2205.39|-19.61%|14930|Left4Dead2
July 2019|11248.62|1172.30|+11.63%|22293|Left4Dead2
June 2019|10076.32|-99.65|-0.98%|21723|Left4Dead2
May 2019|10175.97|2279.39|+28.87%|26978|Left4Dead2
April 2019|7896.58|-401.12|-4.83%|15029|Left4Dead2
March 2019|8297.7|-1203.64|-12.67%|15316|Left4Dead2
February 2019|9501.35|-1066.71|-10.09%|18087|Left4Dead2
January 2019|10568.06|655.17|+6.61%|20122|Left4Dead2
December 2018|9912.89|188.34|+1.94%|20702|Left4Dead2
November 2018|9724.55|1880.56|+23.97%|25246|Left4Dead2
October 2018|7843.99|9.01|+0.12%|23062|Left4Dead2
September 2018|7834.98|-1320.18|-14.42%|14538|Left4Dead2
August 2018|9155.15|-3377.46|-26.95%|15285|Left4Dead2
July 2018|12532.61|2430.92|+24.06%|25777|Left4Dead2
June 2018|10101.69|2444.60|+31.93%|27239|Left4Dead2
May 2018|7657.09|-145.07|-1.86%|18821|Left4Dead2
April 2018|7802.16|-1790.76|-18.67%|13680|Left4Dead2
March 2018|9592.92|-2324.45|-19.50%|18384|Left4Dead2
February 2018|11917.37|-1699.92|-12.48%|24918|Left4Dead2
January 2018|13617.28|892.79|+7.02%|28171|Left4Dead2
December 2017|12724.5|2449.95|+23.84%|29351|Left4Dead2
November 2017|10274.54|2775.88|+37.02%|32064|Left4Dead2
October 2017|7498.66|-797.25|-9.61%|14657|Left4Dead2
September 2017|8295.91|-2505.80|-23.20%|16800|Left4Dead2
August 2017|10801.7|-5544.36|-33.92%|19287|Left4Dead2
July 2017|16346.07|4890.53|+42.69%|42773|Left4Dead2
June 2017|11455.54|4033.60|+54.35%|42217|Left4Dead2
May 2017|7421.94|-1040.23|-12.29%|14534|Left4Dead2
April 2017|8462.17|-1859.10|-18.01%|16743|Left4Dead2
March 2017|10321.27|783.27|+8.21%|27825|Left4Dead2
February 2017|9538.0|-2729.49|-22.25%|17223|Left4Dead2
January 2017|12267.49|1467.53|+13.59%|25699|Left4Dead2
December 2016|10799.96|1180.26|+12.27%|25743|Left4Dead2
November 2016|9619.7|2148.56|+28.76%|23367|Left4Dead2
October 2016|7471.14|224.77|+3.10%|17778|Left4Dead2
September 2016|7246.37|-1488.89|-17.04%|13374|Left4Dead2
August 2016|8735.26|-2742.84|-23.90%|14040|Left4Dead2
July 2016|11478.09|2404.24|+26.50%|22622|Left4Dead2
June 2016|9073.86|581.72|+6.85%|20215|Left4Dead2
May 2016|8492.13|329.42|+4.04%|18322|Left4Dead2
April 2016|8162.71|-1408.07|-14.71%|16524|Left4Dead2
March 2016|9570.79|-2199.95|-18.69%|19083|Left4Dead2
February 2016|11770.73|-634.52|-5.11%|25228|Left4Dead2
January 2016|12405.26|1500.59|+13.76%|25363|Left4Dead2
December 2015|10904.66|1889.72|+20.96%|22646|Left4Dead2
November 2015|9014.94|1793.82|+24.84%|19403|Left4Dead2
October 2015|7221.12|26.39|+0.37%|17636|Left4Dead2
September 2015|7194.73|-3120.21|-30.25%|13055|Left4Dead2
August 2015|10314.94|1331.91|+14.83%|22453|Left4Dead2
July 2015|8983.03|-1557.14|-14.77%|14321|Left4Dead2
June 2015|10540.17|4171.48|+65.50%|23097|Left4Dead2
May 2015|6368.69|-161.67|-2.48%|10543|Left4Dead2
April 2015|6530.37|-726.58|-10.01%|11863|Left4Dead2
March 2015|7256.95|-1159.57|-13.78%|13014|Left4Dead2
February 2015|8416.52|-1249.39|-12.93%|13285|Left4Dead2
January 2015|9665.91|591.87|+6.52%|17156|Left4Dead2
December 2014|9074.04|308.65|+3.52%|17356|Left4Dead2
November 2014|8765.38|918.38|+11.70%|18037|Left4Dead2
October 2014|7847.0|-587.11|-6.96%|15176|Left4Dead2
September 2014|8434.12|14.06|+0.17%|18732|Left4Dead2
August 2014|8420.05|-1414.38|-14.38%|12255|Left4Dead2
July 2014|9834.44|724.47|+7.95%|16811|Left4Dead2
June 2014|9109.97|649.67|+7.68%|18392|Left4Dead2
May 2014|8460.3|-790.75|-8.55%|14600|Left4Dead2
April 2014|9251.05|-1768.30|-16.05%|16210|Left4Dead2
March 2014|11019.34|-1966.95|-15.15%|22266|Left4Dead2
February 2014|12986.29|-10123.88|-43.81%|24471|Left4Dead2
January 2014|23110.17|2121.33|+10.11%|61325|Left4Dead2
December 2013|20988.84|14105.28|+204.91%|161590|Left4Dead2
November 2013|6883.56|1218.90|+21.52%|16177|Left4Dead2
October 2013|5664.66|-430.96|-7.07%|10267|Left4Dead2
September 2013|6095.63|-1749.56|-22.30%|10982|Left4Dead2
August 2013|7845.19|-4538.39|-36.65%|13284|Left4Dead2
July 2013|12383.57|5208.83|+72.60%|39026|Left4Dead2
June 2013|7174.74|236.51|+3.41%|12810|Left4Dead2
May 2013|6938.23|-382.78|-5.23%|12116|Left4Dead2
April 2013|7321.01|-2016.37|-21.59%|14109|Left4Dead2
March 2013|9337.38|1229.50|+15.16%|21574|Left4Dead2
February 2013|8107.87|-1309.00|-13.90%|14424|Left4Dead2
January 2013|9416.88|12.89|+0.14%|17873|Left4Dead2
December 2012|9403.98|-12.91|-0.14%|19518|Left4Dead2
November 2012|9416.89|470.03|+5.25%|21298|Left4Dead2
October 2012|8946.86|2595.92|+40.87%|48599|Left4Dead2
September 2012|6350.94|-1876.73|-22.81%|11229|Left4Dead2
August 2012|8227.67|-4000.80|-32.72%|14848|Left4Dead2
July 2012|12228.47|-|-|21811|Left4Dead2
February 2024|57569.07|7293.72|+14.51%|101985|Rainbow6Siege
January 2024|50275.35|8219.77|+19.55%|83645|Rainbow6Siege
December 2023|42055.58|5241.00|+14.24%|62190|Rainbow6Siege
November 2023|36814.58|-15269.89|-29.32%|59597|Rainbow6Siege
October 2023|52084.47|-6683.06|-11.37%|94953|Rainbow6Siege
September 2023|58767.53|6861.07|+13.22%|95149|Rainbow6Siege
August 2023|51906.45|2474.03|+5.00%|83901|Rainbow6Siege
July 2023|49432.42|4057.51|+8.94%|70979|Rainbow6Siege
June 2023|45374.91|5033.06|+12.48%|68292|Rainbow6Siege
May 2023|40341.85|-5352.69|-11.71%|66908|Rainbow6Siege
April 2023|45694.54|-4262.62|-8.53%|79348|Rainbow6Siege
March 2023|49957.15|8313.52|+19.96%|88146|Rainbow6Siege
February 2023|41643.63|-2049.05|-4.69%|65006|Rainbow6Siege
January 2023|43692.68|4775.23|+12.27%|66780|Rainbow6Siege
December 2022|38917.45|15447.17|+65.82%|63872|Rainbow6Siege
November 2022|23470.28|-4790.27|-16.95%|45282|Rainbow6Siege
October 2022|28260.54|-6591.45|-18.91%|54769|Rainbow6Siege
September 2022|34852.0|-129.88|-0.37%|66141|Rainbow6Siege
August 2022|34981.88|-4199.38|-10.72%|60463|Rainbow6Siege
July 2022|39181.26|549.97|+1.42%|64470|Rainbow6Siege
June 2022|38631.29|1771.73|+4.81%|69997|Rainbow6Siege
May 2022|36859.56|-8231.12|-18.25%|72038|Rainbow6Siege
April 2022|45090.68|-1654.96|-3.54%|93429|Rainbow6Siege
March 2022|46745.65|2878.27|+6.56%|108630|Rainbow6Siege
February 2022|43867.38|-1125.45|-2.50%|78263|Rainbow6Siege
January 2022|44992.83|1318.71|+3.02%|74819|Rainbow6Siege
December 2021|43674.12|5816.16|+15.36%|83292|Rainbow6Siege
November 2021|37857.97|-5158.51|-11.99%|71142|Rainbow6Siege
October 2021|43016.48|-8123.21|-15.88%|79691|Rainbow6Siege
September 2021|51139.69|1233.49|+2.47%|111554|Rainbow6Siege
August 2021|49906.2|-3567.82|-6.67%|93643|Rainbow6Siege
July 2021|53474.02|-1486.63|-2.70%|89513|Rainbow6Siege
June 2021|54960.64|-3313.42|-5.69%|100214|Rainbow6Siege
May 2021|58274.07|-16342.34|-21.90%|108281|Rainbow6Siege
April 2021|74616.41|-10540.80|-12.38%|142422|Rainbow6Siege
March 2021|85157.21|12774.45|+17.65%|199830|Rainbow6Siege
February 2021|72382.76|-5334.66|-6.86%|113338|Rainbow6Siege
January 2021|77717.42|6995.92|+9.89%|123637|Rainbow6Siege
December 2020|70721.5|15414.04|+27.87%|123374|Rainbow6Siege
November 2020|55307.46|-7648.75|-12.15%|94968|Rainbow6Siege
October 2020|62956.21|-12587.13|-16.66%|114281|Rainbow6Siege
September 2020|75543.34|7338.09|+10.76%|163478|Rainbow6Siege
August 2020|68205.26|-8073.94|-10.58%|127249|Rainbow6Siege
July 2020|76279.2|6078.69|+8.66%|122438|Rainbow6Siege
June 2020|70200.51|-9898.80|-12.36%|126733|Rainbow6Siege
May 2020|80099.3|-28415.26|-26.19%|146359|Rainbow6Siege
April 2020|108514.57|-11363.31|-9.48%|194102|Rainbow6Siege
March 2020|119877.88|22210.54|+22.74%|198567|Rainbow6Siege
February 2020|97667.34|3481.55|+3.70%|178824|Rainbow6Siege
January 2020|94185.78|15957.06|+20.40%|157948|Rainbow6Siege
December 2019|78228.73|11729.45|+17.64%|138681|Rainbow6Siege
November 2019|66499.28|866.80|+1.32%|123848|Rainbow6Siege
October 2019|65632.48|-12290.28|-15.77%|125590|Rainbow6Siege
September 2019|77922.76|3966.48|+5.36%|148365|Rainbow6Siege
August 2019|73956.28|-3454.79|-4.46%|138827|Rainbow6Siege
July 2019|77411.07|-648.27|-0.83%|128458|Rainbow6Siege
June 2019|78059.34|18887.25|+31.92%|140274|Rainbow6Siege
May 2019|59172.09|-2179.37|-3.55%|115381|Rainbow6Siege
April 2019|61351.45|-8236.56|-11.84%|124989|Rainbow6Siege
March 2019|69588.02|-3409.64|-4.67%|134776|Rainbow6Siege
February 2019|72997.66|-6178.10|-7.80%|136018|Rainbow6Siege
January 2019|79175.76|8310.43|+11.73%|137434|Rainbow6Siege
December 2018|70865.32|12962.39|+22.39%|129558|Rainbow6Siege
November 2018|57902.93|-4525.71|-7.25%|115820|Rainbow6Siege
October 2018|62428.64|-11248.23|-15.27%|123794|Rainbow6Siege
September 2018|73676.87|-139.52|-0.19%|143866|Rainbow6Siege
August 2018|73816.38|5575.38|+8.17%|134159|Rainbow6Siege
July 2018|68241.0|1864.20|+2.81%|116054|Rainbow6Siege
June 2018|66376.81|3283.99|+5.21%|141630|Rainbow6Siege
May 2018|63092.81|-1170.62|-1.82%|142362|Rainbow6Siege
April 2018|64263.44|-18848.85|-22.68%|124813|Rainbow6Siege
March 2018|83112.29|14316.05|+20.81%|176208|Rainbow6Siege
February 2018|68796.24|5321.42|+8.38%|125133|Rainbow6Siege
January 2018|63474.82|4063.16|+6.84%|109103|Rainbow6Siege
December 2017|59411.66|17927.99|+43.22%|100433|Rainbow6Siege
November 2017|41483.67|9864.86|+31.20%|99110|Rainbow6Siege
October 2017|31618.81|-4830.06|-13.25%|59895|Rainbow6Siege
September 2017|36448.87|2525.69|+7.45%|69988|Rainbow6Siege
August 2017|33923.18|5544.54|+19.54%|73641|Rainbow6Siege
July 2017|28378.64|4294.92|+17.83%|47328|Rainbow6Siege
June 2017|24083.72|279.65|+1.17%|43057|Rainbow6Siege
May 2017|23804.07|-1171.88|-4.69%|43606|Rainbow6Siege
April 2017|24975.95|-1103.68|-4.23%|47040|Rainbow6Siege
March 2017|26079.63|-4488.63|-14.68%|47994|Rainbow6Siege
February 2017|30568.27|9861.56|+47.62%|65189|Rainbow6Siege
January 2017|20706.7|3529.83|+20.55%|34616|Rainbow6Siege
December 2016|17176.87|1821.38|+11.86%|30859|Rainbow6Siege
November 2016|15355.49|4763.56|+44.97%|42265|Rainbow6Siege
October 2016|10591.93|180.24|+1.73%|19467|Rainbow6Siege
September 2016|10411.69|-3559.54|-25.48%|18099|Rainbow6Siege
August 2016|13971.23|3116.99|+28.72%|32084|Rainbow6Siege
July 2016|10854.23|1851.49|+20.57%|39382|Rainbow6Siege
June 2016|9002.74|1933.04|+27.34%|15295|Rainbow6Siege
May 2016|7069.7|-573.86|-7.51%|14447|Rainbow6Siege
April 2016|7643.56|1518.10|+24.78%|29170|Rainbow6Siege
March 2016|6125.46|-3138.02|-33.88%|11234|Rainbow6Siege
February 2016|9263.47|-980.81|-9.57%|16044|Rainbow6Siege
January 2016|10244.29|2302.84|+29.00%|20006|Rainbow6Siege
December 2015|7941.45|-|-|18130|Rainbow6Siege
February 2024|7105.24|-3598.22|-33.62%|15572|ReadyorNot
January 2024|10703.47|-7381.37|-40.82%|25083|ReadyorNot
December 2023|18084.83|15117.47|+509.46%|55174|ReadyorNot
November 2023|2967.36|563.28|+23.43%|6210|ReadyorNot
October 2023|2404.08|-274.96|-10.26%|5183|ReadyorNot
September 2023|2679.03|-412.45|-13.34%|5287|ReadyorNot
August 2023|3091.49|-1068.78|-25.69%|5011|ReadyorNot
July 2023|4160.26|1107.20|+36.27%|7000|ReadyorNot
June 2023|3053.07|-99.57|-3.16%|5262|ReadyorNot
May 2023|3152.64|100.16|+3.28%|6329|ReadyorNot
April 2023|3052.48|362.25|+13.47%|5364|ReadyorNot
March 2023|2690.23|-317.45|-10.55%|5138|ReadyorNot
February 2023|3007.68|-2471.85|-45.11%|5644|ReadyorNot
January 2023|5479.53|-834.25|-13.21%|12426|ReadyorNot
December 2022|6313.77|3472.10|+122.19%|13497|ReadyorNot
November 2022|2841.67|215.12|+8.19%|7110|ReadyorNot
October 2022|2626.56|-261.89|-9.07%|4422|ReadyorNot
September 2022|2888.44|-892.03|-23.60%|5806|ReadyorNot
August 2022|3780.48|-1353.28|-26.36%|6888|ReadyorNot
July 2022|5133.76|2386.40|+86.86%|10124|ReadyorNot
June 2022|2747.36|908.03|+49.37%|11257|ReadyorNot
May 2022|1839.33|-358.73|-16.32%|3401|ReadyorNot
April 2022|2198.06|-405.09|-15.56%|4757|ReadyorNot
March 2022|2603.14|-1450.34|-35.78%|4873|ReadyorNot
February 2022|4053.48|-3923.32|-49.18%|8573|ReadyorNot
January 2022|7976.8|-4659.43|-36.87%|17662|ReadyorNot
December 2021|12636.23|-|-|19269|ReadyorNot
February 2024|70143.03|-23994.36|-25.49%|98588|TeamFortress2
January 2024|94137.4|-20878.63|-18.15%|179882|TeamFortress2
December 2023|115016.03|47213.30|+69.63%|215509|TeamFortress2
November 2023|67802.73|-9030.51|-11.75%|98605|TeamFortress2
October 2023|76833.24|424.93|+0.56%|180283|TeamFortress2
September 2023|76408.31|-15304.39|-16.69%|110520|TeamFortress2
August 2023|91712.7|-27194.07|-22.87%|113761|TeamFortress2
July 2023|118906.77|51706.56|+76.94%|253225|TeamFortress2
June 2023|67200.2|-12756.09|-15.95%|120989|TeamFortress2
May 2023|79956.29|-6872.94|-7.92%|100266|TeamFortress2
April 2023|86829.23|-4863.75|-5.30%|106135|TeamFortress2
March 2023|91692.98|-24.10|-0.03%|116604|TeamFortress2
February 2023|91717.08|-2444.13|-2.60%|119399|TeamFortress2
January 2023|94161.21|-5105.04|-5.14%|135479|TeamFortress2
December 2022|99266.25|9922.08|+11.11%|147868|TeamFortress2
November 2022|89344.18|-2714.46|-2.95%|116266|TeamFortress2
October 2022|92058.63|-3949.90|-4.11%|127647|TeamFortress2
September 2022|96008.54|-1965.79|-2.01%|133570|TeamFortress2
August 2022|97974.33|-11667.79|-10.64%|120426|TeamFortress2
July 2022|109642.12|19524.73|+21.67%|139034|TeamFortress2
June 2022|90117.39|21621.11|+31.57%|138435|TeamFortress2
May 2022|68496.28|-6916.09|-9.17%|91626|TeamFortress2
April 2022|75412.37|2601.58|+3.57%|94815|TeamFortress2
March 2022|72810.79|2457.87|+3.49%|92526|TeamFortress2
February 2022|70352.92|-9395.24|-11.78%|93238|TeamFortress2
January 2022|79748.16|-9577.30|-10.72%|129305|TeamFortress2
December 2021|89325.46|-7667.60|-7.91%|129147|TeamFortress2
November 2021|96993.06|10889.99|+12.65%|121812|TeamFortress2
October 2021|86103.07|4249.06|+5.19%|107528|TeamFortress2
September 2021|81854.01|6838.04|+9.12%|100830|TeamFortress2
August 2021|75015.97|-10141.52|-11.91%|92436|TeamFortress2
July 2021|85157.49|-21065.46|-19.83%|134736|TeamFortress2
June 2021|106222.95|16690.73|+18.64%|150037|TeamFortress2
May 2021|89532.22|1345.22|+1.53%|123327|TeamFortress2
April 2021|88187.0|-516.56|-0.58%|118950|TeamFortress2
March 2021|88703.56|-12527.35|-12.38%|113107|TeamFortress2
February 2021|101230.91|18082.74|+21.75%|133620|TeamFortress2
January 2021|83148.17|724.66|+0.88%|111102|TeamFortress2
December 2020|82423.51|12118.72|+17.24%|146887|TeamFortress2
November 2020|70304.79|-3289.29|-4.47%|101610|TeamFortress2
October 2020|73594.08|4727.84|+6.87%|130548|TeamFortress2
September 2020|68866.24|1922.66|+2.87%|86576|TeamFortress2
August 2020|66943.58|-2358.31|-3.40%|96577|TeamFortress2
July 2020|69301.89|4131.99|+6.34%|89648|TeamFortress2
June 2020|65169.91|-1223.89|-1.84%|79946|TeamFortress2
May 2020|66393.8|-793.33|-1.18%|85744|TeamFortress2
April 2020|67187.12|-791.81|-1.16%|88124|TeamFortress2
March 2020|67978.93|7869.89|+13.09%|85149|TeamFortress2
February 2020|60109.05|511.17|+0.86%|78393|TeamFortress2
January 2020|59597.88|-2098.02|-3.40%|76738|TeamFortress2
December 2019|61695.9|11380.00|+22.62%|103481|TeamFortress2
November 2019|50315.89|-1678.04|-3.23%|69869|TeamFortress2
October 2019|51993.93|3661.04|+7.57%|73467|TeamFortress2
September 2019|48332.88|2788.01|+6.12%|64640|TeamFortress2
August 2019|45544.88|-3994.12|-8.06%|64518|TeamFortress2
July 2019|49538.99|6536.45|+15.20%|93245|TeamFortress2
June 2019|43002.54|3925.62|+10.05%|57130|TeamFortress2
May 2019|39076.92|-3428.13|-8.07%|54127|TeamFortress2
April 2019|42505.05|-3434.96|-7.48%|60330|TeamFortress2
March 2019|45940.01|-1767.58|-3.71%|63379|TeamFortress2
February 2019|47707.59|-2803.70|-5.55%|65290|TeamFortress2
January 2019|50511.29|-81.11|-0.16%|66649|TeamFortress2
December 2018|50592.4|-2491.76|-4.69%|116141|TeamFortress2
November 2018|53084.17|4317.94|+8.85%|93560|TeamFortress2
October 2018|48766.22|7764.10|+18.94%|97329|TeamFortress2
September 2018|41002.12|-2630.22|-6.03%|58152|TeamFortress2
August 2018|43632.35|-2517.02|-5.45%|57772|TeamFortress2
July 2018|46149.36|1941.94|+4.39%|59658|TeamFortress2
June 2018|44207.43|5360.40|+13.80%|57752|TeamFortress2
May 2018|38847.02|-333.43|-0.85%|56049|TeamFortress2
April 2018|39180.46|2398.58|+6.52%|58292|TeamFortress2
March 2018|36781.88|-933.23|-2.47%|57366|TeamFortress2
February 2018|37715.11|-15716.99|-29.41%|69198|TeamFortress2
January 2018|53432.1|1615.99|+3.12%|72845|TeamFortress2
December 2017|51816.11|-453.98|-0.87%|71122|TeamFortress2
November 2017|52270.09|-2693.20|-4.90%|84022|TeamFortress2
October 2017|54963.29|3978.11|+7.80%|97248|TeamFortress2
September 2017|50985.18|-2007.30|-3.79%|73411|TeamFortress2
August 2017|52992.48|1131.07|+2.18%|69172|TeamFortress2
July 2017|51861.41|-546.65|-1.04%|66951|TeamFortress2
June 2017|52408.06|2282.05|+4.55%|69895|TeamFortress2
May 2017|50126.01|-1607.51|-3.11%|73188|TeamFortress2
April 2017|51733.52|2250.33|+4.55%|72616|TeamFortress2
March 2017|49483.19|-2304.17|-4.45%|74656|TeamFortress2
February 2017|51787.36|-648.82|-1.24%|77381|TeamFortress2
January 2017|52436.19|2295.43|+4.58%|77405|TeamFortress2
December 2016|50140.76|3236.52|+6.90%|71438|TeamFortress2
November 2016|46904.24|994.17|+2.17%|77056|TeamFortress2
October 2016|45910.06|-2631.15|-5.42%|81153|TeamFortress2
September 2016|48541.21|-5201.28|-9.68%|74797|TeamFortress2
August 2016|53742.49|-716.86|-1.32%|72111|TeamFortress2
July 2016|54459.35|3096.62|+6.03%|72643|TeamFortress2
June 2016|51362.73|1558.32|+3.13%|72453|TeamFortress2
May 2016|49804.41|-1630.34|-3.17%|77972|TeamFortress2
April 2016|51434.75|-1319.62|-2.50%|81206|TeamFortress2
March 2016|52754.37|-110.34|-0.21%|83425|TeamFortress2
February 2016|52864.72|101.19|+0.19%|83544|TeamFortress2
January 2016|52763.52|-209.42|-0.40%|80583|TeamFortress2
December 2015|52972.94|827.71|+1.59%|82824|TeamFortress2
November 2015|52145.23|-3111.36|-5.63%|91588|TeamFortress2
October 2015|55256.59|-520.18|-0.93%|91684|TeamFortress2
September 2015|55776.77|-4708.02|-7.78%|90718|TeamFortress2
August 2015|60484.79|-293.95|-0.48%|85201|TeamFortress2
July 2015|60778.74|4434.17|+7.87%|83241|TeamFortress2
June 2015|56344.56|757.65|+1.36%|78971|TeamFortress2
May 2015|55586.91|1053.91|+1.93%|84603|TeamFortress2
April 2015|54533.01|415.29|+0.77%|84438|TeamFortress2
March 2015|54117.72|-2351.85|-4.16%|89571|TeamFortress2
February 2015|56469.57|-2080.81|-3.55%|90599|TeamFortress2
January 2015|58550.38|158.81|+0.27%|94272|TeamFortress2
December 2014|58391.58|1658.84|+2.92%|97449|TeamFortress2
November 2014|56732.74|-1244.24|-2.15%|104323|TeamFortress2
October 2014|57976.98|2885.39|+5.24%|101741|TeamFortress2
September 2014|55091.58|-4137.20|-6.99%|93749|TeamFortress2
August 2014|59228.78|2524.48|+4.45%|83414|TeamFortress2
July 2014|56704.31|3361.58|+6.30%|76060|TeamFortress2
June 2014|53342.72|5442.46|+11.36%|90242|TeamFortress2
May 2014|47900.26|-1770.94|-3.57%|80053|TeamFortress2
April 2014|49671.2|525.60|+1.07%|80730|TeamFortress2
March 2014|49145.6|-671.83|-1.35%|82998|TeamFortress2
February 2014|49817.43|-844.88|-1.67%|83502|TeamFortress2
January 2014|50662.31|2760.77|+5.76%|83323|TeamFortress2
December 2013|47901.53|3365.19|+7.56%|86393|TeamFortress2
November 2013|44536.35|1728.19|+4.04%|79961|TeamFortress2
October 2013|42808.16|-906.20|-2.07%|74370|TeamFortress2
September 2013|43714.36|-6610.36|-13.14%|77493|TeamFortress2
August 2013|50324.72|1623.95|+3.33%|74504|TeamFortress2
July 2013|48700.77|-2039.12|-4.02%|72803|TeamFortress2
June 2013|50739.88|6106.97|+13.68%|77349|TeamFortress2
May 2013|44632.91|2690.40|+6.41%|75126|TeamFortress2
April 2013|41942.51|-1393.69|-3.22%|71706|TeamFortress2
March 2013|43336.2|125.45|+0.29%|72799|TeamFortress2
February 2013|43210.75|-1044.31|-2.36%|72893|TeamFortress2
January 2013|44255.06|631.07|+1.45%|74300|TeamFortress2
December 2012|43623.98|1125.45|+2.65%|73695|TeamFortress2
November 2012|42498.53|-4480.17|-9.54%|80988|TeamFortress2
October 2012|46978.7|-3720.37|-7.34%|106853|TeamFortress2
September 2012|50699.07|-10862.30|-17.64%|90232|TeamFortress2
August 2012|61561.37|15994.47|+35.10%|117917|TeamFortress2
July 2012|45566.9|-|-|62321|TeamFortress2
February 2024|2690.85|-493.17|-15.49%|5388|TheDivision2
January 2024|3184.03|82.16|+2.65%|6231|TheDivision2
December 2023|3101.86|1212.04|+64.14%|5904|TheDivision2
November 2023|1889.82|59.56|+3.25%|3955|TheDivision2
October 2023|1830.26|790.01|+75.94%|4605|TheDivision2
September 2023|1040.25|-631.04|-37.76%|1921|TheDivision2
August 2023|1671.29|-625.31|-27.23%|3045|TheDivision2
July 2023|2296.6|-705.72|-23.51%|3971|TheDivision2
June 2023|3002.32|-960.49|-24.24%|6684|TheDivision2
May 2023|3962.81|2330.41|+142.76%|14838|TheDivision2
April 2023|1632.4|-1097.50|-40.20%|3373|TheDivision2
March 2023|2729.91|97.44|+3.70%|4768|TheDivision2
February 2023|2632.47|-3950.78|-60.01%|6093|TheDivision2
January 2023|6583.25|-|-|10909|TheDivision2
February 2024|24848.36|-35331.05|-58.71%|49060|TheFinals
January 2024|60179.42|-60031.73|-49.94%|116913|TheFinals
December 2023|120211.14|-|-|242399|TheFinals
February 2024|2407.67|191.48|+8.64%|4843|Titanfall2
January 2024|2216.19|-351.50|-13.69%|4017|Titanfall2
December 2023|2567.69|-951.21|-27.03%|5544|Titanfall2
November 2023|3518.9|-1325.84|-27.37%|7529|Titanfall2
October 2023|4844.74|-4810.28|-49.82%|10059|Titanfall2
September 2023|9655.02|8138.21|+536.54%|22733|Titanfall2
August 2023|1516.81|-919.94|-37.75%|3248|Titanfall2
July 2023|2436.75|35.48|+1.48%|5886|Titanfall2
June 2023|2401.27|-1468.04|-37.94%|7126|Titanfall2
May 2023|3869.31|2031.76|+110.57%|15787|Titanfall2
April 2023|1837.55|-71.96|-3.77%|5224|Titanfall2
March 2023|1909.5|-1357.59|-41.55%|5822|Titanfall2
February 2023|3267.09|-1240.79|-27.52%|10144|Titanfall2
January 2023|4507.88|2199.64|+95.29%|16522|Titanfall2
December 2022|2308.25|509.66|+28.34%|6858|Titanfall2
November 2022|1798.59|14.87|+0.83%|7506|Titanfall2
October 2022|1783.72|-4543.51|-71.81%|6002|Titanfall2
September 2022|6327.23|4319.48|+215.14%|20096|Titanfall2
August 2022|2007.75|-1221.89|-37.83%|9546|Titanfall2
July 2022|3229.63|403.63|+14.28%|8862|Titanfall2
June 2022|2826.0|-1008.49|-26.30%|8517|Titanfall2
May 2022|3834.49|3006.33|+363.01%|13462|Titanfall2
April 2022|828.16|-138.95|-14.37%|1859|Titanfall2
March 2022|967.11|-339.02|-25.96%|2416|Titanfall2
February 2022|1306.13|-303.11|-18.84%|3171|Titanfall2
January 2022|1609.24|-10.66|-0.66%|5106|Titanfall2
December 2021|1619.91|332.94|+25.87%|6944|Titanfall2
November 2021|1286.97|150.17|+13.21%|4876|Titanfall2
October 2021|1136.8|-44.44|-3.76%|2286|Titanfall2
September 2021|1181.25|-1069.56|-47.52%|2790|Titanfall2
August 2021|2250.81|-1741.38|-43.62%|4519|Titanfall2
July 2021|3992.19|1132.08|+39.58%|11616|Titanfall2
June 2021|2860.1|-1992.16|-41.06%|11945|Titanfall2
May 2021|4852.26|-582.19|-10.71%|27547|Titanfall2
April 2021|5434.45|3918.21|+258.42%|16958|Titanfall2
March 2021|1516.24|-888.51|-36.95%|2655|Titanfall2
February 2021|2404.75|677.71|+39.24%|4678|Titanfall2
January 2021|1727.04|-132.41|-7.12%|2913|Titanfall2
December 2020|1859.46|-390.26|-17.35%|4270|Titanfall2
November 2020|2249.72|471.01|+26.48%|6818|Titanfall2
October 2020|1778.7|427.57|+31.65%|4497|Titanfall2
September 2020|1351.13|-869.95|-39.17%|2658|Titanfall2
August 2020|2221.08|-2228.00|-50.08%|7421|Titanfall2
July 2020|4449.08|-3946.33|-47.01%|10959|Titanfall2
June 2020|8395.41|-|-|13427|Titanfall2
February 2024|51701.17|-684.37|-1.31%|62022|Unturned
January 2024|52385.54|4196.48|+8.71%|63843|Unturned
December 2023|48189.05|-3208.27|-6.24%|64089|Unturned
November 2023|51397.32|1920.18|+3.88%|58931|Unturned
October 2023|49477.14|-4758.81|-8.77%|61493|Unturned
September 2023|54235.95|-4201.15|-7.19%|63176|Unturned
August 2023|58437.1|-3375.42|-5.46%|67996|Unturned
July 2023|61812.52|6275.20|+11.30%|71195|Unturned
June 2023|55537.32|-2416.51|-4.17%|69271|Unturned
May 2023|57953.83|3040.43|+5.54%|66720|Unturned
April 2023|54913.4|1611.54|+3.02%|67282|Unturned
March 2023|53301.87|-7885.80|-12.89%|67724|Unturned
February 2023|61187.67|-5709.86|-8.54%|102075|Unturned
January 2023|66897.53|12615.36|+23.24%|112648|Unturned
December 2022|54282.17|1138.33|+2.14%|72690|Unturned
November 2022|53143.84|579.86|+1.10%|64494|Unturned
October 2022|52563.98|26823.86|+104.21%|92850|Unturned
September 2022|25740.12|-4762.32|-15.61%|61694|Unturned
August 2022|30502.44|-1266.96|-3.99%|67415|Unturned
July 2022|31769.4|-1087.51|-3.31%|60660|Unturned
June 2022|32856.91|545.93|+1.69%|56376|Unturned
May 2022|32310.98|-1788.09|-5.24%|51601|Unturned
April 2022|34099.07|2879.65|+9.22%|50004|Unturned
March 2022|31219.42|-1198.50|-3.70%|46292|Unturned
February 2022|32417.92|-4442.95|-12.05%|46477|Unturned
January 2022|36860.88|3678.40|+11.09%|55031|Unturned
December 2021|33182.48|4570.94|+15.98%|70692|Unturned
November 2021|28611.55|4080.19|+16.63%|60269|Unturned
October 2021|24531.35|-343.04|-1.38%|33361|Unturned
September 2021|24874.39|-259.90|-1.03%|33682|Unturned
August 2021|25134.29|72.18|+0.29%|34139|Unturned
July 2021|25062.11|1198.13|+5.02%|36802|Unturned
June 2021|23863.98|379.11|+1.61%|32713|Unturned
May 2021|23484.87|1533.44|+6.99%|33759|Unturned
April 2021|21951.43|-97.65|-0.44%|30984|Unturned
March 2021|22049.08|-1506.85|-6.40%|29638|Unturned
February 2021|23555.92|1513.64|+6.87%|50209|Unturned
January 2021|22042.28|2856.68|+14.89%|30006|Unturned
December 2020|19185.61|-817.29|-4.09%|32524|Unturned
November 2020|20002.9|-2258.73|-10.15%|33403|Unturned
October 2020|22261.63|4440.67|+24.92%|36561|Unturned
September 2020|17820.96|-1901.39|-9.64%|29380|Unturned
August 2020|19722.35|2097.84|+11.90%|25994|Unturned
July 2020|17624.51|-4440.54|-20.12%|27512|Unturned
June 2020|22065.05|230.13|+1.05%|33699|Unturned
May 2020|21834.93|-6897.02|-24.00%|35923|Unturned
April 2020|28731.95|4933.22|+20.73%|39947|Unturned
March 2020|23798.73|4045.67|+20.48%|42396|Unturned
February 2020|19753.06|2088.05|+11.82%|33921|Unturned
January 2020|17665.01|569.28|+3.33%|34544|Unturned
December 2019|17095.73|-219.43|-1.27%|38088|Unturned
November 2019|17315.16|1641.61|+10.47%|31714|Unturned
October 2019|15673.54|3616.46|+29.99%|47500|Unturned
September 2019|12057.08|-1504.65|-11.09%|18809|Unturned
August 2019|13561.73|-1515.81|-10.05%|18376|Unturned
July 2019|15077.53|2984.85|+24.68%|23751|Unturned
June 2019|12092.68|1244.58|+11.47%|17004|Unturned
May 2019|10848.11|-387.92|-3.45%|17703|Unturned
April 2019|11236.02|-8.74|-0.08%|18742|Unturned
March 2019|11244.77|-5107.78|-31.24%|18997|Unturned
February 2019|16352.54|-6262.11|-27.69%|30621|Unturned
January 2019|22614.65|4451.94|+24.51%|33900|Unturned
December 2018|18162.71|4012.41|+28.36%|36913|Unturned
November 2018|14150.3|2568.02|+22.17%|24199|Unturned
October 2018|11582.28|-225.07|-1.91%|21804|Unturned
September 2018|11807.35|-2773.74|-19.02%|20381|Unturned
August 2018|14581.09|-84.96|-0.58%|19884|Unturned
July 2018|14666.05|747.28|+5.37%|20387|Unturned
June 2018|13918.77|3310.58|+31.21%|20832|Unturned
May 2018|10608.19|29.53|+0.28%|18483|Unturned
April 2018|10578.66|-1451.00|-12.06%|19593|Unturned
March 2018|12029.66|-1523.51|-11.24%|23439|Unturned
February 2018|13553.17|-2803.65|-17.14%|25783|Unturned
January 2018|16356.82|-488.14|-2.90%|30976|Unturned
December 2017|16844.96|2001.16|+13.48%|32615|Unturned
November 2017|14843.81|-150.21|-1.00%|32111|Unturned
October 2017|14994.02|-14.73|-0.10%|31647|Unturned
September 2017|15008.75|-5873.72|-28.13%|29124|Unturned
August 2017|20882.47|-2681.87|-11.38%|29593|Unturned
July 2017|23564.34|4984.76|+26.83%|38020|Unturned
June 2017|18579.59|1695.38|+10.04%|29466|Unturned
May 2017|16884.21|-1400.48|-7.66%|30764|Unturned
April 2017|18284.68|166.93|+0.92%|32278|Unturned
March 2017|18117.75|-4033.48|-18.21%|36179|Unturned
February 2017|22151.24|1019.93|+4.83%|42677|Unturned
January 2017|21131.31|864.59|+4.27%|37434|Unturned
December 2016|20266.72|-284.87|-1.39%|37381|Unturned
November 2016|20551.59|-2298.46|-10.06%|42720|Unturned
October 2016|22850.05|-1103.24|-4.61%|48001|Unturned
September 2016|23953.29|-10254.59|-29.98%|50338|Unturned
August 2016|34207.88|5468.59|+19.03%|55141|Unturned
July 2016|28739.29|4588.32|+19.00%|39683|Unturned
June 2016|24150.97|7961.24|+49.17%|38486|Unturned
May 2016|16189.73|-760.76|-4.49%|32941|Unturned
April 2016|16950.49|-2526.41|-12.97%|34174|Unturned
March 2016|19476.9|-1517.01|-7.23%|39345|Unturned
February 2016|20993.91|2145.39|+11.38%|40166|Unturned
January 2016|18848.51|1587.38|+9.20%|42322|Unturned
December 2015|17261.13|2364.32|+15.87%|33157|Unturned
November 2015|14896.81|-3599.84|-19.46%|29720|Unturned
October 2015|18496.65|1665.35|+9.89%|36178|Unturned
September 2015|16831.3|-3141.60|-15.73%|35834|Unturned
August 2015|19972.91|2653.38|+15.32%|31354|Unturned
July 2015|17319.53|5156.39|+42.39%|27275|Unturned
June 2015|12163.14|1913.34|+18.67%|19518|Unturned
May 2015|10249.8|-38.56|-0.37%|19261|Unturned
April 2015|10288.36|1897.25|+22.61%|19519|Unturned
March 2015|8391.11|-1018.64|-10.83%|18889|Unturned
February 2015|9409.75|964.57|+11.42%|17570|Unturned
January 2015|8445.18|5.78|+0.07%|18529|Unturned
December 2014|8439.39|736.14|+9.56%|16702|Unturned
November 2014|7703.26|-1207.74|-13.55%|16744|Unturned
October 2014|8911.0|-4031.77|-31.15%|20208|Unturned
September 2014|12942.77|-16417.64|-55.92%|28228|Unturned
August 2014|29360.41|-1433.81|-4.66%|53547|Unturned
July 2014|30794.22|30789.89|+711024.33%|62450|Unturned
June 2014|4.33|-|-|20|Unturned
February 2024|59247.77|-5519.00|-8.52%|84823|Warframe
January 2024|64766.78|9167.60|+16.49%|94593|Warframe
December 2023|55599.18|10049.55|+22.06%|87383|Warframe
November 2023|45549.63|1202.44|+2.71%|74457|Warframe
October 2023|44347.2|4634.05|+11.67%|76911|Warframe
September 2023|39713.14|130.55|+0.33%|61347|Warframe
August 2023|39582.6|1170.46|+3.05%|77361|Warframe
July 2023|38412.14|-5479.69|-12.48%|61112|Warframe
June 2023|43891.83|-11044.10|-20.10%|66482|Warframe
May 2023|54935.93|6580.85|+13.61%|88346|Warframe
April 2023|48355.07|7648.58|+18.79%|115322|Warframe
March 2023|40706.49|-1223.89|-2.92%|63635|Warframe
February 2023|41930.39|1259.47|+3.10%|59850|Warframe
January 2023|40670.91|1568.74|+4.01%|58816|Warframe
December 2022|39102.17|9133.81|+30.48%|64073|Warframe
November 2022|29968.36|-4134.22|-12.12%|58261|Warframe
October 2022|34102.58|-5668.90|-14.25%|55500|Warframe
September 2022|39771.48|2189.87|+5.83%|77239|Warframe
August 2022|37581.61|-2184.06|-5.49%|58478|Warframe
July 2022|39765.67|2418.25|+6.48%|91910|Warframe
June 2022|37347.42|-8875.02|-19.20%|68207|Warframe
May 2022|46222.44|2989.71|+6.92%|84285|Warframe
April 2022|43232.73|12172.10|+39.19%|87532|Warframe
March 2022|31060.63|-3977.32|-11.35%|62134|Warframe
February 2022|35037.94|-12357.30|-26.07%|57905|Warframe
January 2022|47395.24|-7255.95|-13.28%|77400|Warframe
December 2021|54651.19|13875.07|+34.03%|118297|Warframe
November 2021|40776.13|909.77|+2.28%|73093|Warframe
October 2021|39866.36|-7101.99|-15.12%|71407|Warframe
September 2021|46968.35|-3785.16|-7.46%|82680|Warframe
August 2021|50753.51|-861.27|-1.67%|74329|Warframe
July 2021|51614.78|11992.53|+30.27%|181509|Warframe
June 2021|39622.26|-7061.59|-15.13%|69028|Warframe
May 2021|46683.85|267.46|+0.58%|77193|Warframe
April 2021|46416.38|3464.79|+8.07%|79251|Warframe
March 2021|42951.59|3741.63|+9.54%|83221|Warframe
February 2021|39209.96|3085.81|+8.54%|61032|Warframe
January 2021|36124.14|134.09|+0.37%|60019|Warframe
December 2020|35990.05|-3923.97|-9.83%|70305|Warframe
November 2020|39914.02|-1384.76|-3.35%|68553|Warframe
October 2020|41298.79|-15032.09|-26.69%|69891|Warframe
September 2020|56330.88|-3298.15|-5.53%|90316|Warframe
August 2020|59629.02|20243.88|+51.40%|154246|Warframe
July 2020|39385.15|-5445.20|-12.15%|58719|Warframe
June 2020|44830.35|-4856.71|-9.77%|81798|Warframe
May 2020|49687.06|-6631.71|-11.78%|76165|Warframe
April 2020|56318.77|3491.40|+6.61%|94162|Warframe
March 2020|52827.37|11892.49|+29.05%|88215|Warframe
February 2020|40934.88|4670.80|+12.88%|70798|Warframe
January 2020|36264.08|-10878.94|-23.08%|59186|Warframe
December 2019|47143.02|1050.29|+2.28%|84081|Warframe
November 2019|46092.73|11693.86|+33.99%|87616|Warframe
October 2019|34398.86|-8083.36|-19.03%|60931|Warframe
September 2019|42482.22|-10713.34|-20.14%|80466|Warframe
August 2019|53195.56|-2706.68|-4.84%|96262|Warframe
July 2019|55902.24|13228.98|+31.00%|94907|Warframe
June 2019|42673.26|-7907.43|-15.63%|74255|Warframe
May 2019|50580.69|-5993.82|-10.59%|97068|Warframe
April 2019|56574.51|-6225.98|-9.91%|107898|Warframe
March 2019|62800.49|16576.23|+35.86%|115102|Warframe
February 2019|46224.26|-6530.25|-12.38%|74472|Warframe
January 2019|52754.51|-973.04|-1.81%|82266|Warframe
December 2018|53727.55|-7758.99|-12.62%|89029|Warframe
November 2018|61486.55|11768.29|+23.67%|131766|Warframe
October 2018|49718.26|-2076.00|-4.01%|99735|Warframe
September 2018|51794.26|-17097.44|-24.82%|86984|Warframe
August 2018|68891.69|-7703.22|-10.06%|107100|Warframe
July 2018|76594.91|19971.45|+35.27%|118191|Warframe
June 2018|56623.46|13680.60|+31.86%|129002|Warframe
May 2018|42942.86|-7399.31|-14.70%|73097|Warframe
April 2018|50342.17|2251.24|+4.68%|85227|Warframe
March 2018|48090.92|-944.53|-1.93%|81338|Warframe
February 2018|49035.45|3857.89|+8.54%|82384|Warframe
January 2018|45177.56|-6202.41|-12.07%|69002|Warframe
December 2017|51379.97|-5120.47|-9.06%|76564|Warframe
November 2017|56500.44|-5408.38|-8.74%|102965|Warframe
October 2017|61908.82|24880.71|+67.19%|121377|Warframe
September 2017|37028.11|-2939.28|-7.35%|58608|Warframe
August 2017|39967.39|965.21|+2.47%|55743|Warframe
July 2017|39002.18|13100.15|+50.58%|58314|Warframe
June 2017|25902.03|-1879.21|-6.76%|51423|Warframe
May 2017|27781.24|-2795.16|-9.14%|47732|Warframe
April 2017|30576.4|-147.26|-0.48%|50822|Warframe
March 2017|30723.66|2325.41|+8.19%|69526|Warframe
February 2017|28398.25|-3336.65|-10.51%|45309|Warframe
January 2017|31734.9|-1943.55|-5.77%|47134|Warframe
December 2016|33678.45|3861.26|+12.95%|56812|Warframe
November 2016|29817.19|8928.58|+42.74%|68530|Warframe
October 2016|20888.62|-1887.31|-8.29%|34094|Warframe
September 2016|22775.92|-3772.49|-14.21%|39037|Warframe
August 2016|26548.41|-1977.75|-6.93%|46268|Warframe
July 2016|28526.17|2199.23|+8.35%|61417|Warframe
June 2016|26326.93|-271.05|-1.02%|41739|Warframe
May 2016|26597.98|-547.56|-2.02%|44091|Warframe
April 2016|27145.55|-6602.00|-19.56%|47242|Warframe
March 2016|33747.55|1838.30|+5.76%|66308|Warframe
February 2016|31909.25|1199.69|+3.91%|49683|Warframe
January 2016|30709.56|-2544.25|-7.65%|50177|Warframe
December 2015|33253.8|11920.40|+55.88%|58502|Warframe
November 2015|21333.4|-6380.24|-23.02%|37303|Warframe
October 2015|27713.64|5645.86|+25.58%|48901|Warframe
September 2015|22067.78|-7092.23|-24.32%|38904|Warframe
August 2015|29160.01|9223.72|+46.27%|44908|Warframe
July 2015|19936.29|1570.03|+8.55%|49829|Warframe
June 2015|18366.27|-2564.27|-12.25%|29209|Warframe
May 2015|20930.54|-1167.12|-5.28%|37595|Warframe
April 2015|22097.66|864.32|+4.07%|40497|Warframe
March 2015|21233.34|2854.61|+15.53%|42816|Warframe
February 2015|18378.74|459.19|+2.56%|28376|Warframe
January 2015|17919.54|-1456.78|-7.52%|28400|Warframe
December 2014|19376.33|2479.55|+14.67%|29349|Warframe
November 2014|16896.78|1159.80|+7.37%|32800|Warframe
October 2014|15736.98|-66.18|-0.42%|34785|Warframe
September 2014|15803.16|-662.90|-4.03%|25841|Warframe
August 2014|16466.05|1243.70|+8.17%|28233|Warframe
July 2014|15222.36|3073.45|+25.30%|31766|Warframe
June 2014|12148.9|539.89|+4.65%|19939|Warframe
May 2014|11609.02|-2763.50|-19.23%|19536|Warframe
April 2014|14372.52|1993.52|+16.10%|26848|Warframe
March 2014|12379.0|-1273.85|-9.33%|21193|Warframe
February 2014|13652.84|1992.00|+17.08%|21380|Warframe
January 2014|11660.84|545.15|+4.90%|16929|Warframe
December 2013|11115.69|1894.94|+20.55%|18274|Warframe
November 2013|9220.75|283.07|+3.17%|18459|Warframe
October 2013|8937.68|-778.95|-8.02%|16381|Warframe
September 2013|9716.62|884.84|+10.02%|18941|Warframe
August 2013|8831.78|-773.81|-8.06%|14349|Warframe
July 2013|9605.6|-1168.82|-10.85%|15714|Warframe
June 2013|10774.41|435.88|+4.22%|19554|Warframe
May 2013|10338.53|-1991.12|-16.15%|19734|Warframe
April 2013|12329.65|10369.52|+529.02%|21157|Warframe
March 2013|1960.13|1960.13|+43776179.05%|19099|Warframe
February 2013|0.0|0.00|+Inf%|1|Warframe
January 2013|0.0|-|-|0|Warframe
