Date,Step Count,Distance (m),Calories Burned(cal x 10)
2021-01-01,5310,2161.77493,0
2021-01-02,1977,870.04337,0
2021-01-03,2715,1102.55498,0
2021-01-04,1799,810.35458,0
2021-01-05,1146,503.00624,0
2021-01-06,1235,552.49895,0
2021-01-07,669,297.965,0
2021-01-08,1257,538.18822,0
2021-01-09,1772,717.90124,0
2021-01-10,659,278.31217,0
2021-01-11,918,382.49758,0
2021-01-12,1602,731.53702,0
2021-01-13,1397,616.6366,0
2021-01-14,789,336.342,0
2021-01-15,747,315.83688,0
2021-01-16,1154,458.85732,0
2021-01-17,1138,481.42569,0
2021-01-18,1676,731.51571,0
2021-01-19,654,311.4359,0
2021-01-20,635,260.453701,0
2021-01-21,2522,1137.49499,0
2021-01-22,1226,527.58445,0
2021-01-23,703,283.80527,0
2021-01-24,257,110.49228,0
2021-01-25,1062,465.66817,0
2021-01-26,2968,1284.976991,0
2021-01-27,2807,1236.4351,0
2021-01-28,2172,956.65658,0
2021-01-29,1559,685.67717,0
2021-01-30,384,158.00844,0
2021-01-31,1565,658.11934,0
2021-02-01,1054,437.5324,0
2021-02-02,2414,1090.61214,0
2021-02-03,1609,710.99179,0
2021-02-04,462,183.58407,0
2021-02-05,579,242.71427,0
2021-02-06,2113,890.642506,0
2021-02-07,2020,870.09242,0
2021-02-08,2220,950.26311,0
2021-02-09,844,333.92002,0
2021-02-10,340,151.74901,0
2021-02-11,1502,645.98321,0
2021-02-12,1043,438.387204,0
2021-02-13,1211,518.34167,0
2021-02-14,1543,680.76804,0
2021-02-15,999,413.4916,0
2021-02-16,1707,680.389605,0
2021-02-17,424,172.8654,0
2021-02-18,560,223.28343,0
2021-02-19,3626,1626.41978,0
2021-02-20,278,111.91512,0
2021-02-21,2088,848.145749,0
2021-02-22,159,63.14375,0
2021-02-23,192,79.4486,0
2021-02-24,450,178.7561,0
2021-02-25,643,242.94988,0
2021-02-26,808,328.48844,0
2021-02-27,532,210.55781,0
2021-02-28,672,261.89553,0
2021-03-01,1218,538.207162,0
2021-03-02,816,344.62489,0
2021-03-03,720,307.07012,0
2021-03-04,1675,707.45631,0
2021-03-05,1282,568.17541,0
2021-03-06,2927,1250.1489,0
2021-03-07,1197,484.21453,0
2021-03-08,285,113.36918,0
2021-03-09,546,233.17623,0
2021-03-10,1797,793.17452,0
2021-03-11,1541,625.03114,0
2021-03-12,916,376.27262,0
2021-03-13,1623,698.7939,0
2021-03-14,2534,1093.15978,0
2021-03-15,730,293.18148,0
2021-03-16,1135,479.52641,0
2021-03-17,2059,918.15002,0
2021-03-18,1774,764.34821,0
2021-03-19,533,225.07209,0
2021-03-20,1760,742.58198,0
2021-03-21,1604,683.488774,0
2021-03-22,1332,529.80598,0
2021-03-23,414,165.433915,0
2021-03-24,1177,479.18289,0
2021-03-25,2315,963.88398,0
2021-03-26,2493,1055.6801,0
2021-03-27,2762,1153.84324,0
2021-03-28,1860,734.596699,0
2021-03-29,602,238.91088,0
2021-03-30,2688,1115.073459,0
2021-03-31,1275,531.14234,0
2021-04-01,886,362.57622,0
2021-04-02,1042,417.20691,0
2021-04-03,1712,758.93078,0
2021-04-04,2021,873.47228,0
2021-04-05,1446,542.45044,0
2021-04-06,2944,1212.67962,0
2021-04-07,440,174.412709,0
2021-04-08,199,78.94519,0
2021-04-09,668,282.92887,0
2021-04-10,1581,706.50836,0
2021-04-11,2426,1074.84772,0
2021-04-12,1673,696.98261,0
2021-04-13,275,109.52906,0
2021-04-14,804,323.98294,0
2021-04-15,542,217.3123,0
2021-04-16,1640,639.0182,0
2021-04-17,2499,1114.99414,0
2021-04-18,395,160.64933,0
2021-04-19,1776,768.54348,0
2021-04-20,502,196.04264,0
2021-04-21,170,73.787862,0
2021-04-22,928,369.21875,0
2021-04-23,1835,799.10752,0
2021-04-24,1612,682.59214,0
2021-04-25,2451,1058.21368,0
2021-04-26,1973,801.3341,0
2021-04-27,359,142.95273,0
2021-04-28,640,261.323867,0
2021-04-29,977,372.17648,0
2021-04-30,2090,856.019747,0
2021-05-01,2298,1015.4137,0
2021-05-02,842,368.30542,0
2021-05-03,1928,795.623561,0
2021-05-04,770,314.46934,0
2021-05-05,6909,2834.12481,0
2021-05-06,6603,3001.32356,0
2021-05-07,5942,2615.09149,0
2021-05-08,6908,3215.161307,0
2021-05-09,1723,732.07439,0
2021-05-10,2835,1239.73629,0
2021-05-11,2241,984.450822,0
2021-05-12,5887,2627.93451,0
2021-05-13,5420,2371.83625,0
2021-05-14,4149,1853.5278,0
2021-05-15,2813,1245.82958,0
2021-05-16,2698,1156.14205,0
2021-05-17,1678,724.49329,0
2021-05-18,6063,2614.524538,0
2021-05-19,2056,896.24497,0
2021-05-20,2294,956.670302,0
2021-05-21,2934,1302.85905,0
2021-05-22,8843,3688.23436,0
2021-05-23,2702,1211.412347,0
2021-05-24,1299,570.28284,0
2021-05-25,3524,1602.627734,0
2021-05-26,3162,1351.24274,0
2021-05-27,4207,1848.07878,0
2021-05-28,1447,633.59908,0
2021-05-29,3007,1236.74602,0
2021-05-30,2094,951.00921,0
2021-05-31,3189,1383.393212,0
2021-06-01,3871,1582.883113,0
2021-06-02,4678,1975.03313,0
2021-06-03,3029,1285.56013,0
2021-06-04,3120,1395.11924,0
2021-06-05,2571,1090.3179,0
2021-06-06,1305,550.857586,0
2021-06-07,1698,730.94974,0
2021-06-08,5530,2335.66144,0
2021-06-09,3491,1376.50502,0
2021-06-10,2970,1210.96348,0
2021-06-11,4815,2266.48971,0
2021-06-12,2219,905.93484,0
2021-06-13,2315,1036.93296,0
2021-06-14,3157,1406.527047,0
2021-06-15,1322,592.53918,0
2021-06-16,2946,1249.43794,0
2021-06-17,2887,1327.14553,0
2021-06-18,3438,1553.22765,0
2021-06-19,5258,2262.22051,0
2021-06-20,2483,1047.14845,0
2021-06-21,473,206.239026,0
2021-06-22,2773,1192.31538,0
2021-06-23,5738,2467.49191,0
2021-06-24,7058,3020.687618,0
2021-06-25,4937,2122.77461,0
2021-06-26,10541,4175.1817,0
2021-06-27,4870,2034.97006,0
2021-06-28,1304,567.442085,0
2021-06-29,10381,4182.209824,0
2021-06-30,3857,1582.158917,0
2021-07-01,17034,7187.360853,0
2021-07-02,1948,739.61825,0
2021-07-03,7350,2864.494347,0
2021-07-04,9914,4335.83987,0
2021-07-05,2052,844.83025,0
2021-07-06,1383,584.53445,0
2021-07-07,1389,526.4446,0
2021-07-08,8932,3749.5339,0
2021-07-09,3648,1626.851185,0
2021-07-10,7668,3326.993022,0
2021-07-11,2657,1050.623637,0
2021-07-12,994,380.937894,0
2021-07-13,16282,7166.361935,0
2021-07-14,6388,2679.89993,0
2021-07-15,10563,4512.654488,0
2021-07-16,6443,2793.415875,0
2021-07-17,14862,6333.249829,0
2021-07-18,13336,5266.280735,0
2021-07-19,2186,831.400912,0
2021-07-20,15338,6459.179196,0
2021-07-21,4037,1448.12427,0
2021-07-22,15144,6369.660238,0
2021-07-23,12626,5696.990527,0
2021-07-24,8740,3371.16743,0
2021-07-25,12472,4950.278639,0
2021-07-26,257,112.49304,0
2021-07-27,14166,6158.557844,0
2021-07-28,19625,7982.961322,0
2021-07-29,16694,7259.739179,0
2021-07-30,14913,6599.03337,0
2021-07-31,355,161.66832,0
2021-08-01,4268,1747.19912,0
2021-08-02,8779,3681.07279,0
2021-08-03,16740,7862.963893,0
2021-08-04,11981,5577.88857,0
2021-08-05,13626,6246.15017,0
2021-08-06,8941,3962.274335,0
2021-08-07,14681,6670.025826,0
2021-08-08,14018,6664.0579,0
2021-08-09,14738,6732.909718,0
2021-08-10,9555,4125.602703,0
2021-08-11,11985,5381.261933,0
2021-08-12,7366,3257.896364,0
2021-08-13,7642,3311.198393,0
2021-08-14,16391,6863.211998,0
2021-08-15,5821,2403.634252,0
2021-08-16,9375,4587.52637,0
2021-08-17,14555,5789.414337,0
2021-08-18,945,368.15382,0
2021-08-19,379,143.39381,0
2021-08-20,12645,6397.594247,0
2021-08-21,8181,3568.415137,0
2021-08-22,8830,3738.74508,0
2021-08-23,6838,2754.2008,0
2021-08-24,1284,535.08765,0
2021-08-25,16921,7537.558757,0
2021-08-26,8395,3556.88255,0
2021-08-27,883,377.3463,0
2021-08-28,3911,1837.3261,0
2021-08-29,5671,2266.31853,0
2021-08-30,9049,3974.42985,0
2021-08-31,9790,4421.1614,0
2021-09-01,6232,2889.1518,0
2021-09-02,8461,3950.08497,0
2021-09-03,5483,2689.871898,0
2021-09-04,15111,7189.15592,0
2021-09-05,6019,2655.17312,0
2021-09-06,5476,2466.7534,0
2021-09-07,17019,7724.467113,0
2021-09-08,9037,4288.45311,0
2021-09-09,7206,3040.20118,0
2021-09-10,17725,7528.67196,0
2021-09-11,17951,7387.443,0
2021-09-12,5310,2406.223476,0
2021-09-13,10171,4449.223432,0
2021-09-14,10448,4286.45429,0
2021-09-15,10369,4376.22491,0
2021-09-16,14675,6690.5714,0
2021-09-17,9138,4011.90938,0
2021-09-18,17641,7570.45332,0
2021-09-19,6024,2590.81715,0
2021-09-20,18565,8130.65453,0
2021-09-21,6944,2852.337366,0
2021-09-22,10003,4364.6648,0
2021-09-23,5279,2238.32259,0
2021-09-24,19068,7908.05934,0
2021-09-25,17544,7108.84993,0
2021-09-26,14121,5808.862434,0
2021-09-27,6177,2617.365701,0
2021-09-28,12026,5262.189516,0
2021-09-29,12089,5789.40084,0
2021-09-30,8888,4421.605055,0
2021-10-01,7025,2980.476562,0
2021-10-02,6805,2781.973242,0
2021-10-03,5700,2419.904362,0
2021-10-04,8607,3576.94863,0
2021-10-05,10231,4222.3068,0
2021-10-06,8430,3455.990945,0
2021-10-07,8940,3939.093792,0
2021-10-08,5291,2204.002197,0
2021-10-09,9246,3880.05123,0
2021-10-10,5570,2368.51298,0
2021-10-11,7238,2893.273786,0
2021-10-12,11132,5094.218454,0
2021-10-13,4644,1995.69993,0
2021-10-14,9638,3869.408947,0
2021-10-15,5211,2050.41437,0
2021-10-16,10255,4379.18729,0
2021-10-17,6613,2895.46188,0
2021-10-18,5927,2937.56023,0
2021-10-19,4837,2197.665881,0
2021-10-20,15241,7057.273577,0
2021-10-21,5633,2335.48479,0
2021-10-22,11397,5324.491654,0
2021-10-23,5455,2259.187165,0
2021-10-24,4886,2085.62359,0
2021-10-25,5623,2437.1867,0
2021-10-26,5452,2492.79348,0
2021-10-27,7957,3713.559679,0
2021-10-28,3172,1634.699573,0
2021-10-29,5603,2542.801292,0
2021-10-30,5606,2490.60704,0
2021-10-31,6861,3115.152392,0
2021-11-01,5521,2619.009518,0
2021-11-02,4421,1872.7417,0
2021-11-03,6308,2725.726761,0
2021-11-04,8819,4077.127927,0
2021-11-05,1299,519.14921,0
2021-11-06,1103,474.65864,0
2021-11-07,2927,1369.822078,0
2021-11-08,2885,1262.02342,0
2021-11-09,10837,5030.98493,0
2021-11-10,9649,4395.782043,0
2021-11-11,4378,1819.914824,0
2021-11-12,6723,2770.77017,0
2021-11-13,12978,5715.23403,0
2021-11-14,5738,2344.08847,0
2021-11-15,4648,1975.14029,0
2021-11-16,6444,2532.10714,0
2021-11-17,5444,2730.214859,0
2021-11-18,5764,2443.58505,0
2021-11-19,7666,3131.66245,0
2021-11-20,3839,1656.402504,0
2021-11-21,5907,2288.946089,0
2021-11-22,6842,2853.52849,0
2021-11-23,6177,2697.151401,0
2021-11-24,3671,1549.70335,0
2021-11-25,1467,601.655562,0
2021-11-26,663,273.20678,0
2021-11-27,1536,654.100147,0
2021-11-28,3460,1447.703034,0
2021-11-29,6130,2694.78548,0
2021-11-30,3834,1725.45139,0
2021-12-01,7791,3229.34113,0
2021-12-02,3432,1413.02292,0
2021-12-03,5479,2286.56912,0
2021-12-04,3298,1342.39134,0
2021-12-05,3249,1355.88628,0
2021-12-06,3186,1325.78556,0
2021-12-07,3599,1461.88805,0
2021-12-08,4700,1886.3481,0
2021-12-09,5087,2067.403318,0
2021-12-10,8013,3158.242194,0
2021-12-11,9846,3889.2771,0
2021-12-12,7656,2967.91228,0
2021-12-13,5672,2271.102817,0
2021-12-14,2271,971.22241,0
2021-12-15,5221,2119.079374,0
2021-12-16,6125,2585.463587,0
2021-12-17,4933,1997.100513,0
2021-12-18,5095,2163.78965,0
2021-12-19,5521,2315.64158,0
2021-12-20,2953,1311.48991,0
2021-12-21,3769,1539.03049,0
2021-12-22,4796,2033.878754,0
2021-12-23,8329,3540.249867,0
2021-12-24,4801,1952.21733,0
2021-12-25,798,313.30138,0
2021-12-26,4743,2042.14683,0
2021-12-27,4933,2142.98577,0
2021-12-28,2960,1163.68724,0
2021-12-29,5387,2261.452837,0
2021-12-30,3116,1251.1619,0
2021-12-31,5660,2270.01738,0
2022-01-01,296,113.6364,0
2022-01-02,1402,576.017426,0
2022-01-03,4627,1963.054247,0
2022-01-04,16091,6565.912771,0
2022-01-05,1852,716.98794,0
2022-01-06,2300,946.09284,0
2022-01-07,585,240.18465,0
2022-01-08,1083,447.157365,0
2022-01-09,544,200.93279,0
2022-01-10,552,230.69396,0
2022-01-11,967,371.1321,0
2022-01-12,846,338.52952,0
2022-01-13,1092,469.3441,0
2022-01-14,1733,695.45115,0
2022-01-15,690,274.82,0
2022-01-16,1037,427.36675,0
2022-01-17,1267,511.27041,0
2022-01-18,5664,2591.788593,0
2022-01-19,1816,798.5669,0
2022-01-20,1604,761.01909,0
2022-01-21,5620,2479.7801,0
2022-01-22,2079,906.028862,0
2022-01-23,3884,1614.57566,0
2022-01-24,2921,1256.12506,0
2022-01-25,2789,1166.5999,0
2022-01-26,4676,1922.67376,0
2022-01-27,4490,1913.42461,0
2022-01-28,4199,1808.02685,0
2022-01-29,5253,2197.02055,0
2022-01-30,3001,1466.04645,0
2022-01-31,3685,1589.81621,0
2022-02-01,4682,1997.70736,0
2022-02-02,3769,1601.76391,0
2022-02-03,6942,2828.84354,0
2022-02-04,2664,1106.780711,0
2022-02-05,2436,1008.46341,0
2022-02-06,1005,410.61469,0
2022-02-07,2870,1380.0537,0
2022-02-08,443,200.480346,0
2022-02-09,954,377.787485,0
2022-02-10,1557,755.26765,0
2022-02-11,10198,4492.72671,0
2022-02-12,2118,1176.806917,0
2022-02-13,8655,4159.46264,0
2022-02-14,1571,690.977902,0
2022-02-15,2813,1121.918164,0
2022-02-16,6813,3175.05375,0
2022-02-17,1751,627.68447,0
2022-02-18,2707,1211.30416,0
2022-02-19,1604,629.722957,0
2022-02-20,2331,997.1321,0
2022-02-21,1865,779.61811,0
2022-02-22,3970,1633.80987,0
2022-02-23,7021,3305.8872,0
2022-02-24,3342,1398.51641,0
2022-02-25,2175,1052.22293,0
2022-02-26,2043,831.504684,0
2022-02-27,1617,758.80286,0
2022-02-28,686,346.53175,0
2022-03-01,1040,430.14476,0
2022-03-02,120,50.53616,0
2022-03-03,1692,835.84373,0
2022-03-04,1923,903.89809,0
2022-03-05,268,112.90306,0
2022-03-06,4144,1701.52829,0
2022-03-07,3609,1478.17916,0
2022-03-08,1888,754.58729,0
2022-03-09,2329,970.30862,0
2022-03-10,2450,1041.11346,0
2022-03-11,3879,1648.42259,0
2022-03-12,748,328.31373,0
2022-03-13,2499,1025.29927,0
2022-03-14,514,211.191654,0
2022-03-15,5604,2423.72664,0
2022-03-16,4648,2205.512866,0
2022-03-17,4468,1910.40501,0
2022-03-18,4351,1988.10946,0
2022-03-19,4146,1732.332238,0
2022-03-20,2285,963.2188,0
2022-03-21,2596,1130.231149,0
2022-03-22,969,388.59938,0
2022-03-23,911,380.446886,0
2022-03-24,3070,1304.02799,0
2022-03-25,835,385.2817,0
2022-03-26,3585,1442.953081,0
2022-03-27,2259,983.877065,0
2022-03-28,7212,3219.125541,0
2022-03-29,10786,5310.55549,0
2022-03-30,3109,1285.34332,0
2022-03-31,3215,1470.637164,0
2022-04-01,840,352.17452,0
2022-04-02,5138,2067.122604,0
2022-04-03,3126,1379.985459,0
2022-04-04,3924,1994.652659,0
2022-04-05,210,80.00783,0
2022-04-06,8034,3679.17653,0
2022-04-07,2316,1055.122562,0
2022-04-08,2019,865.886772,0
2022-04-09,1633,694.76112,0
2022-04-10,4034,1697.6735,0
2022-04-11,2377,1088.635915,0
2022-04-12,2443,1022.59767,0
2022-04-13,4677,2086.473354,0
2022-04-14,1418,598.895872,0
2022-04-15,6056,2863.47222,0
2022-04-16,307,131.06596,0
2022-04-17,1874,755.3643,0
2022-04-18,2461,1055.786809,0
2022-04-19,1745,760.410625,0
2022-04-20,3089,1363.52386,0
2022-04-21,977,391.234027,0
2022-04-22,864,347.34032,0
2022-04-23,1373,624.15498,0
2022-04-24,3424,1509.65203,0
2022-04-25,2225,938.78046,0
2022-04-26,5737,2817.34477,0
2022-04-27,2218,926.40829,0
2022-04-28,3314,1546.29739,0
2022-04-29,3421,1538.72825,0
2022-04-30,472,192.81774,0
2022-05-01,338,130.52525,0
2022-05-02,1206,590.51562,0
2022-05-03,3055,1287.269437,0
2022-05-04,6543,2865.07208,0
2022-05-05,3476,1586.892315,0
2022-05-06,3307,1476.74054,0
2022-05-07,601,276.87675,0
2022-05-08,1744,737.194132,0
2022-05-09,4113,1646.32951,0
2022-05-10,2261,990.39308,0
2022-05-11,681,302.07952,0
2022-05-12,602,266.92869,0
2022-05-13,2221,949.63045,0
2022-05-14,4926,1929.871312,0
2022-05-15,4908,2122.6171,0
2022-05-16,339,130.7303,0
2022-05-17,1536,631.48719,0
2022-05-18,1948,826.03801,0
2022-05-19,442,192.59617,0
2022-05-20,5087,2128.213542,0
2022-05-21,1028,447.28797,0
2022-05-22,3045,1237.268307,0
2022-05-23,626,266.15835,0
2022-05-24,6909,2848.92018,0
2022-05-25,1262,547.98733,0
2022-05-26,662,290.20527,0
2022-05-27,3027,1276.694529,0
2022-05-28,3616,1582.999351,0
2022-05-29,6152,2710.47226,0
2022-05-30,75,30.1738,0
2022-05-31,3811,1695.48421,0
2022-06-01,190,81.89672,0
2022-06-02,2102,886.3917,0
2022-06-03,296,129.03391,0
2022-06-04,494,207.35742,0
2022-06-05,3927,1714.02244,0
2022-06-06,1409,597.61621,0
2022-06-07,4588,1958.94302,0
2022-06-08,1001,445.52338,0
2022-06-09,1212,532.32813,0
2022-06-10,300,131.73072,0
2022-06-11,2512,1133.31281,0
2022-06-12,3665,1529.40323,0
2022-06-13,1389,601.698686,0
2022-06-14,6196,2707.67322,0
2022-06-15,3003,1325.88334,0
2022-06-16,3335,1397.34846,0
2022-06-17,657,288.533742,0
2022-06-18,931,411.292107,0
2022-06-19,3228,1400.07956,0
2022-06-20,402,157.6232,0
2022-06-21,5882,2602.43324,0
2022-06-22,714,317.99283,0
2022-06-23,1114,480.47006,0
2022-06-24,2885,1347.18781,0
2022-06-25,1876,759.81253,0
2022-06-26,5885,2627.09251,0
2022-06-27,9230,4065.55951,0
2022-06-28,8540,3742.17227,0
2022-06-29,5043,2221.49485,0
2022-06-30,9283,4229.18263,0
2022-07-01,2240,962.852085,0
2022-07-02,1926,888.592452,0
2022-07-03,3736,1677.98808,0
2022-07-04,13067,5925.69578,0
2022-07-05,7700,3085.18803,0
2022-07-06,13405,5835.45837,0
2022-07-07,5222,2230.969424,0
2022-07-08,5781,2602.42088,0
2022-07-09,4485,2008.13486,0
2022-07-10,10401,4698.043192,0
2022-07-11,11711,5003.361776,0
2022-07-12,12231,5698.64612,0
2022-07-13,16091,7477.65488,0
2022-07-14,9779,4500.39536,0
2022-07-15,4536,2051.01569,0
2022-07-16,8185,3706.54127,0
2022-07-17,790,340.41832,0
2022-07-18,6687,3026.75318,0
2022-07-19,4568,1979.26343,0
2022-07-20,1203,519.168147,0
2022-07-21,10019,4301.53429,0
2022-07-22,3843,1612.65592,0
2022-07-23,1096,447.68211,0
2022-07-24,5302,2305.17472,0
2022-07-25,5006,2063.44577,0
2022-07-26,691,289.40406,0
2022-07-27,9963,4233.91373,0
2022-07-28,857,344.77443,0
2022-07-29,1062,470.707767,0
2022-07-30,979,421.331635,0
2022-07-31,9560,4281.24309,0
2022-08-01,12207,5242.180382,0
2022-08-02,9451,4026.80446,0
2022-08-03,9279,4095.64722,0
2022-08-04,2580,1347.82387,0
2022-08-05,586,241.788,0
2022-08-06,5474,2125.786397,0
2022-08-07,921,378.390419,0
2022-08-08,729,294.126064,0
2022-08-09,6839,2868.839225,0
2022-08-10,1836,765.43635,0
2022-08-11,168,62.01276,0
2022-08-12,1335,569.803827,0
2022-08-13,3128,1299.3126,0
2022-08-14,7904,3080.819111,0
2022-08-15,3146,1258.63074,0
2022-08-16,630,250.40603,0
2022-08-17,2678,1108.42892,0
2022-08-18,6728,2754.88837,0
2022-08-19,5054,2063.026712,0
2022-08-20,10460,4160.034804,0
2022-08-21,6772,2963.10539,0
2022-08-22,8213,3677.40355,0
2022-08-23,3158,1389.25916,0
2022-08-24,6854,2936.285687,0
2022-08-25,2438,1078.56934,0
2022-08-26,5741,2462.956484,0
2022-08-27,4666,2053.50186,0
2022-08-28,5025,2108.19546,0
2022-08-29,5055,2126.2016,0
2022-08-30,5332,2247.991443,0
2022-08-31,3308,1363.5619,0
2022-09-01,4751,2030.85313,0
2022-09-02,8344,3378.10096,0
2022-09-03,235,104.06719,0
2022-09-04,1219,525.873502,0
2022-09-05,477,197.167227,0
2022-09-06,1955,790.80123,0
2022-09-07,7099,2883.71352,0
2022-09-08,8462,3570.07173,0
2022-09-09,1185,493.89051,0
2022-09-10,1912,791.85638,0
2022-09-11,4555,1971.97518,0
2022-09-12,2628,1121.917317,0
2022-09-13,4110,1812.76509,0
2022-09-14,5815,2423.95548,0
2022-09-15,6500,2782.57334,0
2022-09-16,6932,2858.28869,0
2022-09-17,874,369.813,0
2022-09-18,2212,921.803855,0
2022-09-19,2135,958.16326,0
2022-09-20,4991,2259.476059,0
2022-09-21,6231,2597.37951,0
2022-09-22,6151,2675.71746,0
2022-09-23,1999,889.61135,0
2022-09-24,292,123.52234,0
2022-09-25,692,309.98992,0
2022-09-26,2979,1295.4693,0
2022-09-27,6700,2918.36638,0
2022-09-28,2580,1091.82778,0
2022-09-29,9798,4187.020557,0
2022-09-30,12232,5488.866564,4558.76
2022-10-01,5475,2531.29247,5835.81
2022-10-02,3033,1375.989356,6010.18
2022-10-03,6652,3204.62512,4406.08
2022-10-04,10168,4732.032604,4344.8
2022-10-05,13447,6134.21556,5071.28
2022-10-06,12906,5906.711875,5113.76
2022-10-07,12410,5619.508587,5201.03
2022-10-08,6679,3046.802841,4220.48
2022-10-09,7452,3432.473268,4297.11
2022-10-10,5653,2628.733135,3813.47
2022-10-11,15614,7368.572952,6153.74
2022-10-12,13194,5995.262627,5399.48
2022-10-13,13403,6122.661272,5174.01
2022-10-14,15405,6935.226837,6585.1
2022-10-15,7395,3444.21096,2893.67
2022-10-16,5023,2325.540727,3568.84
2022-10-17,2840,1347.861065,3420.46
2022-10-18,7748,3619.41695,4314.43
2022-10-19,9272,4083.392527,4271.89
2022-10-20,11992,5343.00748,4296.25
2022-10-21,11497,5076.99452,4618.64
2022-10-22,13849,6324.954459,5448.07
2022-10-23,3412,1547.002632,3284.78
2022-10-24,3934,1881.231855,3740.08
2022-10-25,8921,4327.320085,4450.35
2022-10-26,10448,4827.98526,5276.59
2022-10-27,12438,5701.80312,5144.04
2022-10-28,10219,4527.55743,4142.81
2022-10-29,10172,4458.276829,3430.19
2022-10-30,1861,847.713887,2226.38
2022-10-31,5425,2492.617967,3674.58
2022-11-01,7344,3407.500284,3895.46
2022-11-02,6689,3083.289639,4886.18
2022-11-03,12486,5536.14202,5146.13
2022-11-04,12709,5585.66447,4857.25
2022-11-05,7654,3555.82781,4479.89
2022-11-06,8715,4046.65987,3698.21
2022-11-07,7913,3708.377732,4220.63
2022-11-08,9035,4366.113179,4314.15
2022-11-09,20347,9163.30247,6152.85
2022-11-10,18009,8477.886972,5676.72
2022-11-11,15058,6495.83486,5362.7
2022-11-12,1506,674.301577,557.23
2022-11-13,8412,3950.21681,3924.78
2022-11-14,9922,4725.875276,4731.39
2022-11-15,9111,4330.32668,4834.27
2022-11-16,17713,7973.99234,5707.27
2022-11-17,14881,7159.11857,5368.4
2022-11-18,12459,5674.733967,5170.36
2022-11-19,15526,7128.52802,6518.12
2022-11-20,10959,5076.924338,3691.08
2022-11-21,4101,1692.46874,2500.33
2022-11-22,8872,3931.917035,3902.08
2022-11-23,10001,4432.47102,4706.75
2022-11-24,9700,4337.70485,4371.04
2022-11-25,15498,7457.513126,5902.74
2022-11-26,7326,3321.5814,4095.06
2022-11-27,4650,2134.964036,3278.67
2022-11-28,6356,2957.803249,4535.61
2022-11-29,13013,6127.090072,5312.69
2022-11-30,17946,8095.49386,6022.62
2022-12-01,17007,7937.098733,6193.77
2022-12-02,18452,8231.205549,5345.31
2022-12-03,10003,4590.08438,4333.38
2022-12-04,11012,5099.635081,4501.37
2022-12-05,6883,3014.98074,1966.1
2022-12-06,8495,4233.531763,3977.6
2022-12-07,9885,4424.9649,4189.76
2022-12-08,16283,7644.466734,5664.62
2022-12-09,16097,7657.404714,5369.73
2022-12-10,18665,8296.140194,6293.87
2022-12-11,8923,4151.90363,4271.27
2022-12-12,2595,1173.023456,3749.99
2022-12-13,4657,2129.90519,5274.33
2022-12-14,5641,2660.534465,3922.81
2022-12-15,10903,5041.714007,5067.81
2022-12-16,14187,6234.65978,5238.91
2022-12-17,11342,4945.899753,4596.85
2022-12-18,5734,2482.915685,2582.94
2022-12-19,4346,1979.576522,3313.7
2022-12-20,7502,3454.00687,3027.16
2022-12-21,7141,3226.457189,4333.23
2022-12-22,9821,4539.718282,5206.06
2022-12-23,6066,2793.161821,3194.94
2022-12-24,3108,1410.13355,2611.3
2022-12-25,7947,3648.264577,4396.61
2022-12-26,5698,2587.247664,3984.44
2022-12-27,12189,5615.443649,4720.83
2022-12-28,18384,8270.23429,5682.78
2022-12-29,14558,6500.73594,4899.38
2022-12-30,14234,6460.197735,5667.79
2022-12-31,10748,4959.993634,3512.73
2023-01-01,13724,6249.757839,5294.45
2023-01-02,10048,4642.804023,4344.24
2023-01-03,9281,4191.47081,5255.49
2023-01-04,8113,3762.152666,4261.67
2023-01-05,8817,4029.92121,5867.06
2023-01-06,9698,4386.225147,4607.87
2023-01-07,11487,5049.7421,4337.66
2023-01-08,12895,5845.485291,5595.07
2023-01-09,7524,3522.639961,4278.86
2023-01-10,8794,3908.62606,4637.18
2023-01-11,7732,3458.768755,3736.78
2023-01-12,8760,3904.93224,3565.16
2023-01-13,9611,4306.32976,4603.46
2023-01-14,7629,3415.43014,4170.46
2023-01-15,11254,5019.147641,3186.38
2023-01-16,14028,6297.371337,5711.78
2023-01-17,5128,2300.34262,3360
2023-01-18,11906,5429.96669,7583.21
2023-01-19,6633,3027.30091,4550.78
2023-01-20,13525,6293.37994,7548.05
2023-01-21,7681,3499.33529,4085.65
2023-01-22,10198,4688.328479,8327.01
2023-01-23,6771,3010.57096,3595.26
2023-01-24,9857,4439.530021,6414.13
2023-01-25,4823,2174.47409,3464.05
2023-01-26,5615,2629.6793,2702.73
2023-01-27,14651,6600.219658,5802.99
2023-01-28,12257,5584.449662,8213.95
2023-01-29,9413,4200.63734,3816.97
2023-01-30,9505,4918.461032,3801
2023-01-31,6191,2862.176164,3299.96
2023-02-01,11195,5403.716938,4201.44
2023-02-02,14939,7157.80595,7217.5
2023-02-03,9228,4246.16276,4033.41
2023-02-04,5328,2435.175915,4015.54
2023-02-05,5266,2370.29539,2959.59
2023-02-06,6723,3099.123725,3842.12
2023-02-07,8861,4069.807586,4238.25
2023-02-08,15154,6954.333195,6798.56
2023-02-09,12294,5688.470147,5244.45
2023-02-10,12515,5629.369331,5098.13
2023-02-11,9221,4334.633243,5848.79
2023-02-12,9497,4549.07017,3777.34
2023-02-13,7927,3589.330835,4500.65
2023-02-14,8085,3720.582757,3999.87
2023-02-15,16234,7261.34316,4801.36
2023-02-16,10176,4641.57486,4264.67
2023-02-17,7391,3417.15218,3809.98
2023-02-18,4359,2073.20976,6820.09
2023-02-19,12507,5716.067808,4982.14
2023-02-20,5713,2699.58851,3227.22
2023-02-21,5988,2772.98312,3470.56
2023-02-22,8829,4036.181407,4238.92
2023-02-23,11278,5127.464587,4453.65
2023-02-24,5864,2817.096162,3524.94
2023-02-25,4795,2140.458827,3367.73
2023-02-26,9648,4408.870345,4100.63
2023-02-27,7548,3378.859326,4182.7
2023-02-28,4349,2103.35244,2869.2
2023-03-01,11984,5407.033315,4653.68
2023-03-02,13797,6190.623679,4851.5
2023-03-03,8221,3761.401156,4098.67
2023-03-04,10345,4719.436453,4613.89
2023-03-05,4551,2052.939895,3715.14
2023-03-06,8558,3870.932812,4810.46
2023-03-07,4317,1989.71496,3440.91
2023-03-08,9177,4137.015012,4589.82
2023-03-09,5930,2729.932269,3300.21
2023-03-10,14149,6497.701366,5524.69
2023-03-11,19997,9258.62324,6111.14
2023-03-12,12258,5828.705361,3620.18
2023-03-13,15985,7271.32315,4636.67
2023-03-14,24305,8085.18828,4790.17
2023-03-15,16134,6500.742347,5066.05
2023-03-16,17320,7102.786146,5069.91
2023-03-17,25341,10030.51598,6591.08
2023-03-18,23710,9323.24213,6719.36
2023-03-19,12504,4871.617294,3474.46
2023-03-20,26048,10654.76358,8000.24
2023-03-21,20342,8365.057239,6356.78
2023-03-22,18848,7783.173854,5207.99
2023-03-23,19522,8139.671732,4613.47
2023-03-24,18853,7710.118724,5839.87
2023-03-25,7802,3274.781297,3389.86
2023-03-26,12046,5312.717336,4938.14
2023-03-27,16515,6827.48986,6714.13
2023-03-28,5455,2160.99423,2417.79
2023-03-29,9502,3942.95323,3501.48
2023-03-30,3232,1362.381737,2605.31
2023-03-31,12943,5337.200362,4962.45
2023-04-01,6164,2462.832344,2202.8
2023-04-02,5815,2318.24701,3418.72
2023-04-03,9469,3942.743593,3821.03
2023-04-04,9844,3976.654343,4270.55
2023-04-05,12919,5225.83845,4944.5
2023-04-06,8724,3577.014734,4205.99
2023-04-07,5003,2222.68803,2844.19
2023-04-08,14474,5761.565226,5259.68
2023-04-09,8555,3506.214064,3515.36
2023-04-10,4688,2009.2701,3037.46
2023-04-11,4722,1990.77956,3748.62
2023-04-12,10262,4205.996074,3418.98
2023-04-13,12121,4827.035953,5093.44
2023-04-14,10120,4154.08313,3977.31
2023-04-15,2408,858.258148,179.57
2023-04-16,5082,2049.530306,2482.54
2023-04-17,6001,2495.790147,3262.44
2023-04-18,8694,3620.12303,4363.84
2023-04-19,13213,5161.723791,4812.48
2023-04-20,4775,1902.31207,2706.91
2023-04-21,4981,2053.054287,3391.38
2023-04-22,5078,2151.432965,3909.86
2023-04-23,7555,2967.27251,3229.28
2023-04-24,13600,5462.678191,4724.17
2023-04-25,2026,729.87139,0
2023-04-26,6555,2784.214044,3429.84
2023-04-27,9566,3865.291818,4827.8
2023-04-28,6823,2926.521706,3270.31
2023-04-29,2443,927.23013,876.74
2023-04-30,9093,3782.25064,3542.6
2023-05-01,7061,2840.463249,2971.4
2023-05-02,3505,1267.8344,546.55
2023-05-03,13646,5378.154475,4236.34
2023-05-04,14278,5768.401017,5122.98
2023-05-05,4464,1975.013665,2667.51
2023-05-06,5685,2197.629367,1866.46
2023-05-07,2667,998.096412,0
2023-05-08,10357,4279.63787,3444.57
2023-05-09,5520,2159.390493,3242.86
2023-05-10,10018,4080.60328,2818.17
2023-05-11,7106,2946.375594,3801.98
2023-05-12,15435,6324.410327,5170.83
2023-05-13,1057,363.78797,0
2023-05-14,10706,4200.794325,2904.14
2023-05-15,6551,2669.488233,4008.06
2023-05-16,2222,767.91309,247.05
2023-05-17,7324,2940.94599,3054.59
2023-05-18,11563,4649.657579,4769.62
2023-05-19,5512,2830.623033,3554.62
2023-05-20,9568,3907.95274,4176.61
2023-05-21,5279,2488.27731,960.88
2023-05-22,23661,9831.128336,5350.55
2023-05-23,23974,10360.82114,6390.62
2023-05-24,8435,3629.312957,3486.67
2023-05-25,22701,10236.50006,6858.48
2023-05-26,13437,5794.487041,5063.55
2023-05-27,11981,4835.200323,3955.79
2023-05-28,11623,4780.075782,4162.41
2023-05-29,14170,6188.05847,4280.94
2023-05-30,15247,6347.506524,5462.79
2023-05-31,16038,6382.148707,4443.28
2023-06-01,17970,7346.47478,5519.38
2023-06-02,12787,5451.604115,3325.15
2023-06-03,6612,2735.705454,1118.37
2023-06-04,12363,5175.219163,4756.61
2023-06-05,15764,6386.770024,3937.84
2023-06-06,15374,6336.14574,4876.28
2023-06-07,28655,11489.66902,7632.94
2023-06-08,13482,5402.50969,4857.9
2023-06-09,10894,4748.98759,0
2023-06-10,2355,847.79568,0
2023-06-11,24205,9612.701871,4617.3
2023-06-12,11304,4661.493947,4354.9
2023-06-13,5721,2187.79321,845.427
2023-06-14,3991,1522.996557,1806.52
2023-06-15,12421,5256.855803,3927.72
2023-06-16,4243,1524.623342,181.08
2023-06-17,5421,1949.87346,0
2023-06-18,708,253.67504,0
2023-06-19,6032,2857.38505,0
2023-06-20,1136,418.83335,0
2023-06-21,1498,516.8239,0
2023-06-22,7442,2893.744362,0
2023-06-23,6614,2436.349862,0
2023-06-24,1310,464.939134,0
2023-06-25,680,243.97846,0
2023-06-26,9352,4086.592343,3204.91
2023-06-27,11426,4877.407769,5331.12
2023-06-28,2686,1011.08744,20.4
2023-06-29,8321,3046.282815,53.52
2023-06-30,6312,2474.076774,2702.26
2023-07-01,454,159.142108,84.75
2023-07-02,750,272.05287,0
2023-07-03,3314,1192.193957,0
2023-07-04,1648,593.02614,0
2023-07-05,1094,388.020094,0
2023-07-06,736,238.943299,0
2023-07-07,664,221.42102,0
2023-07-08,11503,4824.355504,2445.78
2023-07-09,7854,3305.119032,1996.77
2023-07-10,14581,6093.184466,5272.66
2023-07-11,7319,2953.61264,3144.1
2023-07-12,5675,2320.365494,4087.63
2023-07-13,20527,8576.44578,6624.24
2023-07-14,7560,5689.546461,3793.96
2023-07-15,6551,2709.579477,2923.65
2023-07-16,3857,1590.187136,3633.78
2023-07-17,18928,7825.089762,5649.46
2023-07-18,8472,3814.594683,4270.13
2023-07-19,6693,2782.72889,3574.18
2023-07-20,13062,5549.018256,4846.6
2023-07-21,16150,6717.969643,4850.38
2023-07-22,12443,5280.35212,2942.99
2023-07-23,6511,2447.882449,1898.89
2023-07-24,19304,7838.40033,5741.5
2023-07-25,18172,6447.5432,4702.61
2023-07-26,18818,7415.386958,5216.98
2023-07-27,12088,5199.352526,3479.52
2023-07-28,12774,5580.93439,3191.91
2023-07-29,16924,7161.07774,4443.9
2023-07-30,8924,3664.87141,3393.2
2023-07-31,15081,6764.83344,4254.8
2023-08-01,11795,4952.98405,1815.48
2023-08-02,12101,4969.839179,3736.89
2023-08-03,13432,5840.3993,5778.17
2023-08-04,17756,7617.127537,4937.89
2023-08-05,4702,1848.09952,34.73
2023-08-06,11419,4968.12928,4051.22
2023-08-07,13924,6012.52776,5246.7
2023-08-08,6355,2705.980567,2385.08
2023-08-09,3585,1747.35054,4042.01
2023-08-10,7195,2992.713308,2421.58
2023-08-11,8855,3706.768974,3651.87
2023-08-12,4534,2040.404301,3700.38
2023-08-13,6927,2835.47885,2214.54
2023-08-14,11654,5223.6479,4769.29
2023-08-15,7685,3256.140677,2974.68
2023-08-16,970,362.93202,126.63
2023-08-17,4072,1773.403213,1004.66
2023-08-18,8242,3474.23092,1522.99
2023-08-19,11448,4710.29997,2696.56
2023-08-20,4263,1811.62309,1945.94
2023-08-21,5651,2241.67525,147.17
2023-08-22,8297,3266.38966,0
2023-08-23,26415,11139.32514,4959.29
2023-08-24,12948,5422.19379,3805.91
2023-08-25,7906,3346.791618,3258.82
2023-08-26,17654,7358.381654,4445.28
2023-08-27,11266,4723.683324,3271.94
2023-08-28,12401,5347.95925,4206.02
2023-08-29,20706,8755.48232,6517.2
2023-08-30,12052,5185.95107,3489.79
2023-08-31,12716,5379.70554,3571.25
2023-09-01,17432,7619.65505,6184.65
2023-09-02,6225,2583.554673,2465.42
2023-09-03,15520,6368.156163,3299.29
2023-09-04,691,292.0156,333.39
2023-09-05,14471,6142.77051,4230.29
2023-09-06,11694,4867.50526,3122
2023-09-07,10165,4284.909792,3062.45
2023-09-08,5848,2489.09176,2735.36
2023-09-09,7576,3079.43395,2634.72
2023-09-10,2485,1032.78829,1718.5
2023-09-11,16728,7157.45278,5060.92
2023-09-12,8171,3488.07125,3656.79
2023-09-13,11115,4967.11011,3421.6
2023-09-14,6118,2576.776993,4027.03
2023-09-15,10922,4545.35138,3460.79
2023-09-16,1762,691.924561,81.36
2023-09-17,3257,1342.856523,894.5
2023-09-18,8487,3705.724536,3107.8
2023-09-19,8753,3627.241183,2697.01
2023-09-20,13394,5689.120488,4631.93
2023-09-21,6822,2886.316909,3058.04
2023-09-22,12587,5236.110332,4423.79
2023-09-23,693,281.47674,0
2023-09-24,4086,1600.0245,0
2023-09-25,4963,2110.27244,2496.02
2023-09-26,5682,2482.97809,2276.44
2023-09-27,5972,2542.29956,2321.04
2023-09-28,5108,2216.90247,2865.53
2023-09-29,9095,3999.606195,3844.39
2023-09-30,8659,3625.86788,1026.13
2023-10-01,13849,5388.817891,2675.18
2023-10-02,11499,4933.635406,3728.96
2023-10-03,10667,4591.943189,3160.82
2023-10-04,10521,4512.91537,3031.21
2023-10-05,2023,838.702023,244.05
2023-10-06,9189,3956.38493,4311.23
2023-10-07,5657,2340.114776,1850.77
2023-10-08,54548,23062.77564,11398
2023-10-09,49023,20910.68404,11997
2023-10-10,4713,2121.601471,2939.34
2023-10-11,12469,5260.83663,4017.29
2023-10-12,8118,3630.31219,4144.78
2023-10-13,8936,3847.63328,3691.5
2023-10-14,5557,2320.433979,2446.54
2023-10-15,15307,6628.473455,4454.95
2023-10-16,10009,4304.082561,3110.58
2023-10-17,7582,3264.939863,3879.4
2023-10-18,3882,1678.377156,2590.36
2023-10-19,4899,2199.50703,3097.76
2023-10-20,7552,3351.99353,3969.5
2023-10-21,898,361.245619,215.67
2023-10-22,8467,3622.329475,3693.54
2023-10-23,6827,2932.586703,3503.12
2023-10-24,8385,3693.94662,3489.02
2023-10-25,4183,1836.929646,3220.19
2023-10-26,11534,4944.712501,3564.29
2023-10-27,10624,4496.634863,3487.26
2023-10-28,3464,1384.23434,142.65
2023-10-29,4975,1998.09618,46.28
2023-10-30,5698,2498.1534,2817.51
2023-10-31,8856,3985.049343,3771.9
2023-11-01,1266,543.045437,1011.66
2023-11-02,8469,3662.11178,3662.92
2023-11-03,11392,5073.848097,3480.71
2023-11-04,1329,572.708314,472.82
2023-11-05,304,128.11585,0
2023-11-06,13700,5970.86838,4304.03
2023-11-07,5580,2419.35602,2267.88
2023-11-08,854,349.49606,0.87
2023-11-09,5741,2739.98418,2609.18
2023-11-10,2360,979.645297,1928.91
2023-11-11,469,193.817946,0
2023-11-12,1040,422.759651,0
2023-11-13,5547,2307.249537,1414.23
2023-11-14,1118,482.69308,676.9
2023-11-15,4630,2063.319893,3621.74
2023-11-16,6190,2756.571944,2621.77
2023-11-17,8163,3728.335581,4476.22
2023-11-18,672,278.72724,149.62
2023-11-19,309,130.32833,0
2023-11-20,4400,2087.039133,2697.68
2023-11-21,7973,3334.02878,3356.52
2023-11-22,13159,5601.82133,3650.38
2023-11-23,5139,3246.142694,2109.17
2023-11-24,21113,9750.096292,5919.25
2023-11-25,8408,3436.31314,457.915
2023-11-26,18822,8244.413249,4898.47
2023-11-27,5865,2438.952188,2916.1
2023-11-28,2983,1282.095392,2423.47
2023-11-29,289,126.93458,0
2023-11-30,462,192.07966,0
2023-12-01,7088,2960.16937,2320.85
2023-12-02,5505,2396.080616,3926.12
2023-12-03,3175,1410.806384,3045.32
2023-12-04,4515,1977.9714,1980.25
2023-12-05,12338,5323.818797,4360.17
2023-12-06,2433,1084.596464,1572.61
2023-12-07,657,266.78587,0
2023-12-08,7982,3532.97922,3435.5
2023-12-09,4581,2041.2312,3007.21
2023-12-10,1020,450.297964,746.782
2023-12-11,8343,4058.217577,6014.43
2023-12-12,5856,2586.018917,3627.5
2023-12-13,815,325.90452,114.74
2023-12-14,8243,3704.96273,3206.42
2023-12-15,2307,1033.93857,942.64
2023-12-16,9144,3876.395427,2062.42
2023-12-17,11366,4970.28485,4591.61
2023-12-18,2535,1073.823057,802.95
2023-12-19,12372,5209.624515,4655.57
2023-12-20,11142,4650.013553,3096.21
2023-12-21,8674,3687.016707,3195.73
2023-12-22,9758,4074.942042,3928.8
2023-12-23,11843,5017.823596,3533.3
2023-12-24,9167,3890.11018,2439.16
2023-12-25,10947,4567.05781,4876.86
2023-12-26,9135,3871.315295,2986.18
2023-12-27,8120,3440.588296,3623.06
2023-12-28,12081,4973.241628,4572.71
2023-12-29,2158,953.791144,2443.8
2023-12-30,10404,4406.357634,3215.18
2023-12-31,3791,1656.642011,2930.36
2024-01-01,10098,4289.911473,3807.08
2024-01-02,12843,5371.616706,4548.77
2024-01-03,10305,4298.874567,2909.82
2024-01-04,12395,5126.030118,2642.47
2024-01-05,10559,4560.797357,4342.3
2024-01-06,14468,6100.616633,4181.18
2024-01-07,13236,5807.360598,3220.32
2024-01-08,18414,7892.108088,6025.98
2024-01-09,13437,5831.215657,4373.24
2024-01-10,3417,1510.689823,3285.53
2024-01-11,10605,4591.610788,4581.82
2024-01-12,14955,6370.218153,4513.97
2024-01-13,5005,2083.279567,1129.66
2024-01-14,6709,2677.01086,0
2024-01-15,5008,2126.115411,2608.19
2024-01-16,5824,2590.401403,3676.1
2024-01-17,4936,1954.63485,74.958
2024-01-18,12294,5449.255315,4649.64
2024-01-19,16177,7625.351459,9126.47
2024-01-20,7358,3236.485973,3553.46
2024-01-21,3954,1690.346053,3034.78
2024-01-22,8567,3606.672577,3737.45
2024-01-23,7812,3156.889849,2435.12
2024-01-24,796,348.607477,1204.09
2024-01-25,9012,3783.772984,4165.26
2024-01-26,4803,2174.913276,3438.93
2024-01-27,8896,3615.752327,2745.62
2024-01-28,3864,1705.06762,3215.63
2024-01-29,8589,3802.33408,4327.02
2024-01-30,5971,2598.745418,3732.7
2024-01-31,14001,5993.548957,5030.76
2024-02-01,7947,3443.58778,4323.52
2024-02-02,5147,2355.74536,3591.1
2024-02-03,11639,4817.470766,3686.07
2024-02-04,12484,5066.216083,4517.97
2024-02-05,8497,3637.033114,3959.23
2024-02-06,7717,3408.458792,3710.05
2024-02-07,11494,5020.93678,5331.09
2024-02-08,9096,3885.13588,2452.28
2024-02-09,11836,5005.30316,4038.07
2024-02-10,11107,4751.06013,4638.4
2024-02-11,7953,3447.828962,3408.13
2024-02-12,8613,3879.670968,5066.43
2024-02-13,8513,3600.244114,4231.92
2024-02-14,5753,2530.99471,4153.36
2024-02-15,13667,6215.572614,5639.12
2024-02-16,7718,3492.755996,3662.9
2024-02-17,13987,5755.320634,2933.83
2024-02-18,5789,3071.420721,4993.53
2024-02-19,12292,5034.17653,3150.11
2024-02-20,8852,3826.979671,3550.39